row_id,fold
0,4
1,4
2,4
3,4
4,4
5,2
6,2
7,3
8,0
9,4
10,2
11,3
12,3
13,2
14,0
15,3
16,2
17,3
18,2
19,2
20,2
21,2
22,1
23,1
24,4
25,4
26,1
27,2
28,4
29,1
30,2
31,0
32,0
33,1
34,2
35,3
36,0
37,4
38,4
39,0
40,1
41,2
42,0
43,1
44,4
45,2
46,3
47,0
48,1
49,0
50,2
51,3
52,0
53,0
54,3
55,1
56,1
57,1
58,3
59,2
60,4
61,1
62,2
63,3
64,3
65,2
66,1
67,4
68,3
69,2
70,4
71,2
72,2
73,3
74,3
75,3
76,4
77,0
78,0
79,4
80,4
81,2
82,2
83,1
84,4
85,1
86,2
87,0
88,3
89,2
90,4
91,4
92,1
93,0
94,0
95,3
96,4
97,3
98,3
99,2
100,1
101,3
102,0
103,1
104,4
105,3
106,3
107,2
108,3
109,4
110,4
111,0
112,1
113,2
114,4
115,4
116,1
117,0
118,4
119,0
120,0
121,4
122,2
123,3
124,3
125,2
126,0
127,3
128,1
129,1
130,1
131,1
132,0
133,2
134,3
135,2
136,0
137,0
138,1
139,1
140,2
141,4
142,3
143,1
144,3
145,4
146,0
147,2
148,0
149,4
150,3
151,1
152,0
153,1
154,2
155,2
156,1
157,3
158,0
159,4
160,4
161,2
162,3
163,3
164,0
165,1
166,4
167,0
168,4
169,0
170,3
171,3
172,3
173,1
174,3
175,0
176,2
177,1
178,2
179,3
180,4
181,4
182,4
183,1
184,2
185,0
186,3
187,3
188,4
189,2
190,0
191,1
192,0
193,3
194,3
195,3
196,4
197,2
198,0
199,4
200,4
201,1
202,4
203,4
204,0
205,4
206,3
207,0
208,1
209,3
210,2
211,3
212,2
213,2
214,3
215,4
216,2
217,2
218,4
219,0
220,1
221,2
222,0
223,1
224,4
225,1
226,1
227,2
228,0
229,4
230,0
231,3
232,3
233,2
234,2
235,0
236,4
237,0
238,1
239,4
240,1
241,2
242,3
243,4
244,0
245,1
246,1
247,2
248,1
249,3
250,3
251,0
252,4
253,4
254,4
255,2
256,2
257,4
258,0
259,0
260,0
261,4
262,1
263,4
264,3
265,4
266,0
267,3
268,0
269,3
270,0
271,1
272,0
273,2
274,2
275,2
276,3
277,2
278,4
279,3
280,3
281,1
282,4
283,1
284,0
285,2
286,4
287,0
288,4
289,1
290,3
291,2
292,0
293,4
294,3
295,1
296,4
297,2
298,2
299,1
300,1
301,0
302,2
303,1
304,0
305,0
306,4
307,0
308,2
309,3
310,1
311,2
312,2
313,2
314,2
315,4
316,3
317,1
318,0
319,0
320,1
321,3
322,2
323,0
324,4
325,4
326,4
327,0
328,4
329,0
330,1
331,2
332,2
333,2
334,0
335,0
336,4
337,3
338,2
339,1
340,2
341,3
342,1
343,1
344,1
345,0
346,1
347,1
348,1
349,3
350,4
351,2
352,4
353,3
354,2
355,2
356,0
357,4
358,2
359,2
360,2
361,4
362,1
363,1
364,4
365,2
366,0
367,4
368,2
369,0
370,3
371,1
372,1
373,2
374,1
375,3
376,1
377,3
378,4
379,2
380,4
381,0
382,1
383,2
384,1
385,0
386,3
387,3
388,2
389,1
390,1
391,3
392,3
393,4
394,0
395,2
396,4
397,0
398,4
399,0
400,4
401,2
402,1
403,0
404,2
405,4
406,4
407,2
408,4
409,3
410,1
411,0
412,0
413,4
414,2
415,4
416,3
417,3
418,1
419,3
420,4
421,0
422,0
423,3
424,4
425,1
426,1
427,3
428,4
429,2
430,0
431,0
432,0
433,0
434,0
435,0
436,2
437,4
438,4
439,4
440,0
441,3
442,3
443,2
444,0
445,2
446,2
447,4
448,0
449,3
450,4
451,4
452,4
453,0
454,4
455,4
456,0
457,3
458,4
459,2
460,0
461,0
462,2
463,1
464,3
465,0
466,3
467,0
468,4
469,0
470,2
471,1
472,0
473,4
474,4
475,2
476,3
477,4
478,4
479,2
480,3
481,2
482,3
483,2
484,4
485,1
486,0
487,2
488,0
489,1
490,4
491,3
492,4
493,0
494,3
495,3
496,1
497,0
498,4
499,1
500,2
501,0
502,0
503,2
504,0
505,1
506,3
507,3
508,0
509,1
510,4
511,1
512,0
513,3
514,1
515,1
516,4
517,1
518,2
519,2
520,2
521,1
522,4
523,4
524,1
525,2
526,2
527,0
528,0
529,0
530,3
531,0
532,1
533,3
534,3
535,2
536,4
537,2
538,2
539,4
540,0
541,1
542,3
543,3
544,2
545,1
546,0
547,0
548,3
549,2
550,3
551,1
552,0
553,2
554,2
555,0
556,3
557,3
558,1
559,2
560,3
561,4
562,2
563,0
564,1
565,0
566,2
567,4
568,4
569,2
570,1
571,3
572,2
573,4
574,3
575,0
576,3
577,4
578,3
579,4
580,3
581,3
582,1
583,4
584,1
585,0
586,0
587,1
588,3
589,4
590,2
591,4
592,4
593,2
594,3
595,4
596,1
597,1
598,3
599,3
600,3
601,2
602,3
603,1
604,3
605,1
606,1
607,2
608,1
609,3
610,4
611,2
612,2
613,0
614,2
615,4
616,2
617,3
618,1
619,0
620,3
621,1
622,1
623,3
624,2
625,3
626,0
627,0
628,2
629,3
630,4
631,2
632,0
633,1
634,1
635,1
636,2
637,3
638,3
639,0
640,2
641,4
642,0
643,1
644,2
645,4
646,3
647,1
648,3
649,2
650,4
651,3
652,2
653,1
654,1
655,0
656,4
657,3
658,0
659,2
660,1
661,3
662,2
663,1
664,4
665,3
666,2
667,0
668,2
669,4
670,2
671,3
672,3
673,1
674,2
675,3
676,2
677,0
678,0
679,1
680,1
681,1
682,0
683,3
684,1
685,0
686,1
687,0
688,0
689,0
690,4
691,3
692,0
693,1
694,1
695,3
696,2
697,0
698,2
699,3
700,2
701,4
702,4
703,0
704,2
705,3
706,4
707,2
708,3
709,4
710,0
711,1
712,3
713,3
714,0
715,4
716,2
717,4
718,1
719,3
720,4
721,4
722,3
723,2
724,1
725,0
726,3
727,1
728,4
729,1
730,0
731,1
732,0
733,3
734,0
735,3
736,3
737,0
738,2
739,0
740,1
741,2
742,4
743,1
744,0
745,2
746,3
747,1
748,4
749,0
750,2
751,0
752,2
753,2
754,0
755,2
756,1
757,4
758,2
759,4
760,0
761,2
762,3
763,1
764,0
765,1
766,1
767,0
768,1
769,1
770,3
771,1
772,4
773,4
774,4
775,3
776,3
777,0
778,3
779,3
780,3
781,3
782,4
783,3
784,3
785,1
786,0
787,3
788,2
789,2
790,4
791,3
792,3
793,1
794,1
795,1
796,2
797,1
798,4
799,1
800,4
801,4
802,0
803,0
804,4
805,1
806,1
807,3
808,3
809,2
810,3
811,3
812,3
813,1
814,2
815,3
816,1
817,0
818,0
819,3
820,1
821,3
822,2
823,4
824,1
825,3
826,1
827,4
828,4
829,3
830,4
831,3
832,4
833,1
834,0
835,0
836,4
837,0
838,4
839,4
840,2
841,2
842,0
843,4
844,4
845,0
846,4
847,4
848,1
849,2
850,0
851,3
852,3
853,3
854,1
855,3
856,4
857,4
858,1
859,0
860,0
861,4
862,3
863,1
864,4
865,2
866,0
867,2
868,4
869,2
870,2
871,1
872,4
873,0
874,1
875,0
876,4
877,2
878,4
879,0
880,1
881,3
882,4
883,2
884,3
885,2
886,1
887,4
888,1
889,1
890,1
891,2
892,0
893,0
894,4
895,3
896,3
897,1
898,1
899,3
900,2
901,2
902,4
903,0
904,0
905,1
906,3
907,4
908,0
909,3
910,2
911,3
912,1
913,4
914,2
915,0
916,0
917,4
918,3
919,4
920,3
921,0
922,3
923,1
924,0
925,3
926,1
927,1
928,3
929,0
930,3
931,4
932,1
933,3
934,3
935,2
936,2
937,4
938,1
939,0
940,2
941,2
942,3
943,1
944,1
945,4
946,2
947,3
948,0
949,4
950,3
951,1
952,4
953,0
954,3
955,3
956,0
957,3
958,3
959,4
960,2
961,4
962,2
963,3
964,2
965,2
966,0
967,1
968,1
969,0
970,1
971,1
972,1
973,2
974,2
975,2
976,1
977,1
978,3
979,1
980,0
981,3
982,3
983,2
984,4
985,3
986,3
987,3
988,2
989,4
990,1
991,1
992,3
993,0
994,4
995,4
996,0
997,0
998,3
999,0
1000,0
1001,4
1002,0
1003,4
1004,4
1005,3
1006,1
1007,1
1008,0
1009,3
1010,2
1011,2
1012,4
1013,1
1014,4
1015,3
1016,3
1017,4
1018,4
1019,2
1020,3
1021,0
1022,3
1023,3
1024,2
1025,2
1026,1
1027,4
1028,4
1029,4
1030,0
1031,1
1032,1
1033,3
1034,4
1035,4
1036,2
1037,0
1038,4
1039,4
1040,3
1041,0
1042,1
1043,2
1044,1
1045,0
1046,3
1047,3
1048,3
1049,4
1050,0
1051,0
1052,4
1053,0
1054,4
1055,1
1056,3
1057,2
1058,3
1059,2
1060,4
1061,0
1062,1
1063,0
1064,1
1065,4
1066,2
1067,0
1068,4
1069,3
1070,1
1071,0
1072,3
1073,0
1074,2
1075,1
1076,1
1077,3
1078,1
1079,3
1080,4
1081,1
1082,3
1083,3
1084,1
1085,0
1086,0
1087,3
1088,1
1089,0
1090,2
1091,0
1092,4
1093,2
1094,2
1095,3
1096,3
1097,3
1098,2
1099,1
1100,4
1101,2
1102,3
1103,3
1104,0
1105,2
1106,1
1107,2
1108,2
1109,4
1110,1
1111,4
1112,1
1113,2
1114,4
1115,4
1116,2
1117,0
1118,4
1119,4
1120,3
1121,2
1122,0
1123,0
1124,0
1125,0
1126,2
1127,1
1128,4
1129,0
1130,2
1131,0
1132,0
1133,0
1134,4
1135,3
1136,3
1137,0
1138,3
1139,0
1140,2
1141,3
1142,3
1143,2
1144,1
1145,4
1146,1
1147,0
1148,3
1149,0
1150,0
1151,1
1152,2
1153,0
1154,3
1155,3
1156,0
1157,3
1158,1
1159,0
1160,3
1161,3
1162,4
1163,3
1164,1
1165,2
1166,3
1167,4
1168,2
1169,2
1170,0
1171,1
1172,2
1173,2
1174,4
1175,4
1176,3
1177,2
1178,0
1179,3
1180,0
1181,2
1182,4
1183,0
1184,4
1185,0
1186,3
1187,4
1188,0
1189,1
1190,2
1191,1
1192,4
1193,1
1194,1
1195,0
1196,1
1197,4
1198,1
1199,0
1200,2
1201,1
1202,0
1203,2
1204,0
1205,4
1206,3
1207,4
1208,2
1209,0
1210,2
1211,2
1212,2
1213,4
1214,1
1215,3
1216,2
1217,1
1218,4
1219,0
1220,1
1221,2
1222,1
1223,3
1224,0
1225,2
1226,0
1227,1
1228,0
1229,3
1230,1
1231,2
1232,0
1233,1
1234,3
1235,4
1236,3
1237,4
1238,3
1239,3
1240,4
1241,4
1242,4
1243,0
1244,4
1245,3
1246,4
1247,4
1248,0
1249,4
1250,4
1251,3
1252,0
1253,0
1254,0
1255,2
1256,3
1257,2
1258,4
1259,3
1260,0
1261,0
1262,2
1263,1
1264,3
1265,0
1266,2
1267,2
1268,3
1269,0
1270,1
1271,3
1272,1
1273,3
1274,2
1275,0
1276,2
1277,1
1278,0
1279,0
1280,1
1281,1
1282,0
1283,4
1284,2
1285,4
1286,4
1287,2
1288,0
1289,4
1290,0
1291,2
1292,0
1293,0
1294,0
1295,3
1296,1
1297,1
1298,0
1299,0
1300,2
1301,1
1302,3
1303,2
1304,4
1305,2
1306,1
1307,3
1308,4
1309,3
1310,4
1311,4
1312,0
1313,4
1314,4
1315,0
1316,3
1317,4
1318,3
1319,4
1320,3
1321,3
1322,3
1323,3
1324,1
1325,4
1326,2
1327,0
1328,4
1329,0
1330,4
1331,2
1332,0
1333,2
1334,0
1335,0
1336,4
1337,3
1338,3
1339,1
1340,4
1341,1
1342,1
1343,1
1344,2
1345,1
1346,3
1347,2
1348,0
1349,1
1350,4
1351,0
1352,0
1353,4
1354,1
1355,1
1356,4
1357,2
1358,1
1359,3
1360,4
1361,2
1362,3
1363,0
1364,0
1365,0
1366,4
1367,2
1368,1
1369,3
1370,4
1371,1
1372,0
1373,0
1374,0
1375,1
1376,2
1377,2
1378,1
1379,4
1380,3
1381,1
1382,0
1383,4
1384,3
1385,3
1386,2
1387,0
1388,3
1389,3
1390,2
1391,2
1392,3
1393,1
1394,4
1395,3
1396,2
1397,2
1398,1
1399,1
1400,0
1401,0
1402,3
1403,0
1404,1
1405,4
1406,1
1407,3
1408,3
1409,4
1410,2
1411,0
1412,2
1413,3
1414,4
1415,0
1416,4
1417,0
1418,2
1419,0
1420,3
1421,0
1422,3
1423,4
1424,2
1425,4
1426,3
1427,4
1428,3
1429,2
1430,4
1431,2
1432,0
1433,1
1434,4
1435,0
1436,4
1437,1
1438,1
1439,0
1440,2
1441,2
1442,2
1443,0
1444,4
1445,1
1446,2
1447,0
1448,1
1449,1
1450,1
1451,2
1452,0
1453,0
1454,3
1455,1
1456,1
1457,4
1458,0
1459,0
1460,2
1461,0
1462,0
1463,3
1464,0
1465,0
1466,1
1467,0
1468,1
1469,2
1470,3
1471,1
1472,4
1473,0
1474,2
1475,3
1476,3
1477,3
1478,1
1479,4
1480,0
1481,0
1482,4
1483,2
1484,1
1485,0
1486,4
1487,0
1488,4
1489,2
1490,4
1491,2
1492,0
1493,3
1494,3
1495,4
1496,3
1497,4
1498,4
1499,0
1500,1
1501,1
1502,1
1503,0
1504,2
1505,2
1506,3
1507,2
1508,0
1509,2
1510,3
1511,4
1512,4
1513,4
1514,1
1515,2
1516,2
1517,0
1518,1
1519,4
1520,0
1521,0
1522,4
1523,2
1524,1
1525,2
1526,4
1527,1
1528,1
1529,3
1530,0
1531,0
1532,1
1533,3
1534,4
1535,3
1536,2
1537,0
1538,0
1539,1
1540,0
1541,4
1542,3
1543,3
1544,1
1545,1
1546,4
1547,4
1548,3
1549,2
1550,0
1551,4
1552,4
1553,1
1554,4
1555,4
1556,3
1557,4
1558,0
1559,0
1560,0
1561,2
1562,1
1563,3
1564,3
1565,3
1566,0
1567,3
1568,2
1569,3
1570,0
1571,1
1572,2
1573,2
1574,4
1575,3
1576,3
1577,1
1578,1
1579,4
1580,1
1581,2
1582,3
1583,1
1584,4
1585,4
1586,3
1587,3
1588,4
1589,1
1590,3
1591,1
1592,3
1593,0
1594,3
1595,4
1596,2
1597,1
1598,0
1599,0
1600,3
1601,0
1602,2
1603,2
1604,0
1605,2
1606,0
1607,4
1608,1
1609,3
1610,3
1611,0
1612,1
1613,3
1614,0
1615,1
1616,4
1617,2
1618,1
1619,3
1620,3
1621,4
1622,4
1623,4
1624,2
1625,1
1626,0
1627,0
1628,0
1629,3
1630,0
1631,3
1632,4
1633,2
1634,2
1635,1
1636,4
1637,0
1638,2
1639,2
1640,0
1641,4
1642,4
1643,1
1644,2
1645,2
1646,0
1647,2
1648,4
1649,1
1650,0
1651,4
1652,2
1653,0
1654,3
1655,1
1656,0
1657,3
1658,2
1659,4
1660,2
1661,1
1662,3
1663,1
1664,2
1665,0
1666,1
1667,1
1668,4
1669,1
1670,4
1671,3
1672,0
1673,2
1674,0
1675,0
1676,1
1677,3
1678,0
1679,2
1680,2
1681,2
1682,4
1683,0
1684,4
1685,0
1686,0
1687,3
1688,4
1689,0
1690,4
1691,4
1692,1
1693,2
1694,0
1695,0
1696,0
1697,2
1698,1
1699,3
1700,0
1701,2
1702,4
1703,4
1704,1
1705,1
1706,2
1707,2
1708,1
1709,4
1710,1
1711,2
1712,3
1713,1
1714,3
1715,2
1716,4
1717,2
1718,3
1719,1
1720,0
1721,3
1722,1
1723,3
1724,4
1725,1
1726,1
1727,2
1728,1
1729,4
1730,4
1731,3
1732,0
1733,4
1734,1
1735,3
1736,4
1737,4
1738,2
1739,3
1740,1
1741,0
1742,2
1743,0
1744,4
1745,4
1746,3
1747,0
1748,3
1749,0
1750,2
1751,2
1752,4
1753,1
1754,0
1755,1
1756,4
1757,0
1758,4
1759,4
1760,2
1761,4
1762,2
1763,3
1764,3
1765,4
1766,0
1767,1
1768,0
1769,4
1770,1
1771,3
1772,4
1773,1
1774,4
1775,2
1776,1
1777,0
1778,4
1779,1
1780,0
1781,1
1782,3
1783,0
1784,1
1785,1
1786,2
1787,1
1788,0
1789,0
1790,4
1791,0
1792,4
1793,1
1794,0
1795,2
1796,1
1797,1
1798,3
1799,1
1800,1
1801,3
1802,3
1803,0
1804,2
1805,1
1806,4
1807,1
1808,2
1809,0
1810,0
1811,1
1812,0
1813,2
1814,3
1815,2
1816,3
1817,3
1818,1
1819,3
1820,3
1821,2
1822,2
1823,3
1824,2
1825,3
1826,3
1827,4
1828,3
1829,1
1830,4
1831,2
1832,1
1833,3
1834,3
1835,0
1836,3
1837,2
1838,4
1839,2
1840,1
1841,4
1842,0
1843,1
1844,2
1845,4
1846,3
1847,3
1848,3
1849,3
1850,2
1851,3
1852,1
1853,2
1854,3
1855,1
1856,3
1857,2
1858,3
1859,3
1860,4
1861,2
1862,0
1863,3
1864,0
1865,2
1866,2
1867,4
1868,1
1869,2
1870,0
1871,1
1872,2
1873,0
1874,3
1875,3
1876,3
1877,0
1878,1
1879,1
1880,2
1881,3
1882,4
1883,2
1884,3
1885,1
1886,3
1887,2
1888,1
1889,1
1890,1
1891,3
1892,2
1893,2
1894,0
1895,3
1896,2
1897,4
1898,3
1899,2
1900,4
1901,0
1902,4
1903,3
1904,1
1905,1
1906,1
1907,2
1908,0
1909,0
1910,1
1911,2
1912,4
1913,4
1914,1
1915,3
1916,0
1917,4
1918,2
1919,0
1920,3
1921,0
1922,3
1923,2
1924,2
1925,2
1926,1
1927,2
1928,4
1929,4
1930,0
1931,3
1932,2
1933,0
1934,0
1935,0
1936,0
1937,1
1938,0
1939,0
1940,1
1941,2
1942,2
1943,4
1944,2
1945,0
1946,4
1947,3
1948,1
1949,0
1950,0
1951,0
1952,2
1953,3
1954,3
1955,0
1956,4
1957,2
1958,1
1959,4
1960,0
1961,0
1962,2
1963,4
1964,3
1965,3
1966,4
1967,2
1968,0
1969,0
1970,4
1971,0
1972,4
1973,0
1974,2
1975,2
1976,4
1977,2
1978,4
1979,0
1980,2
1981,4
1982,2
1983,4
1984,2
1985,4
1986,4
1987,4
1988,0
1989,3
1990,4
1991,3
1992,1
1993,3
1994,2
1995,2
1996,4
1997,0
1998,3
1999,1
2000,4
2001,1
2002,4
2003,1
2004,4
2005,3
2006,1
2007,1
2008,3
2009,0
2010,3
2011,4
2012,1
2013,1
2014,4
2015,0
2016,2
2017,4
2018,4
2019,1
2020,3
2021,4
2022,4
2023,3
2024,1
2025,3
2026,3
2027,1
2028,0
2029,3
2030,1
2031,0
2032,0
2033,2
2034,2
2035,1
2036,0
2037,3
2038,2
2039,1
2040,3
2041,1
2042,0
2043,1
2044,3
2045,0
2046,3
2047,4
2048,0
2049,3
2050,2
2051,0
2052,1
2053,3
2054,1
2055,0
2056,0
2057,2
2058,1
2059,4
2060,4
2061,1
2062,0
2063,1
2064,1
2065,1
2066,1
2067,2
2068,3
2069,2
2070,4
2071,3
2072,3
2073,0
2074,0
2075,2
2076,2
2077,1
2078,2
2079,1
2080,2
2081,1
2082,2
2083,2
2084,2
2085,2
2086,4
2087,0
2088,1
2089,3
2090,3
2091,4
2092,3
2093,4
2094,3
2095,2
2096,4
2097,3
2098,0
2099,3
2100,1
2101,4
2102,1
2103,0
2104,1
2105,3
2106,4
2107,0
2108,2
2109,2
2110,3
2111,1
2112,0
2113,3
2114,3
2115,2
2116,3
2117,3
2118,3
2119,1
2120,4
2121,3
2122,3
2123,2
2124,3
2125,1
2126,4
2127,4
2128,2
2129,0
2130,3
2131,0
2132,4
2133,2
2134,0
2135,3
2136,1
2137,0
2138,0
2139,4
2140,0
2141,1
2142,1
2143,2
2144,3
2145,4
2146,4
2147,1
2148,3
2149,4
2150,1
2151,4
2152,0
2153,3
2154,2
2155,4
2156,1
2157,0
2158,2
2159,3
2160,0
2161,1
2162,2
2163,3
2164,2
2165,2
2166,1
2167,4
2168,2
2169,1
2170,0
2171,0
2172,1
2173,1
2174,4
2175,1
2176,1
2177,4
2178,2
2179,3
2180,1
2181,4
2182,4
2183,1
2184,3
2185,2
2186,3
2187,0
2188,4
2189,4
2190,4
2191,2
2192,4
2193,4
2194,2
2195,4
2196,2
2197,3
2198,1
2199,0
2200,0
2201,4
2202,2
2203,0
2204,1
2205,2
2206,2
2207,2
2208,1
2209,4
2210,0
2211,0
2212,2
2213,0
2214,2
2215,0
2216,2
2217,1
2218,2
2219,2
2220,4
2221,4
2222,4
2223,4
2224,2
2225,2
2226,0
2227,2
2228,0
2229,4
2230,3
2231,3
2232,4
2233,2
2234,2
2235,0
2236,4
2237,0
2238,3
2239,4
2240,1
2241,4
2242,0
2243,2
2244,0
2245,4
2246,4
2247,0
2248,3
2249,1
2250,0
2251,2
2252,2
2253,0
2254,0
2255,4
2256,0
2257,3
2258,0
2259,3
2260,2
2261,0
2262,2
2263,3
2264,4
2265,2
2266,2
2267,0
2268,4
2269,0
2270,2
2271,1
2272,1
2273,2
2274,3
2275,3
2276,2
2277,0
2278,0
2279,4
2280,1
2281,4
2282,4
2283,2
2284,0
2285,2
2286,2
2287,3
2288,1
2289,2
2290,2
2291,2
2292,0
2293,3
2294,2
2295,0
2296,1
2297,1
2298,0
2299,1
2300,1
2301,4
2302,3
2303,3
2304,4
2305,1
2306,2
2307,0
2308,4
2309,0
2310,4
2311,3
2312,0
2313,2
2314,0
2315,3
2316,2
2317,3
2318,1
2319,0
2320,2
2321,4
2322,3
2323,2
2324,0
2325,2
2326,3
2327,1
2328,2
2329,0
2330,1
2331,1
2332,2
2333,0
2334,4
2335,0
2336,1
2337,2
2338,1
2339,2
2340,4
2341,0
2342,4
2343,1
2344,2
2345,2
2346,1
2347,4
2348,2
2349,0
2350,3
2351,4
2352,1
2353,1
2354,2
2355,4
2356,0
2357,1
2358,0
2359,1
2360,2
2361,0
2362,0
2363,1
2364,4
2365,2
2366,4
2367,4
2368,2
2369,2
2370,3
2371,1
2372,1
2373,4
2374,3
2375,0
2376,0
2377,1
2378,0
2379,3
2380,0
2381,3
2382,1
2383,4
2384,0
2385,4
2386,3
2387,1
2388,4
2389,3
2390,4
2391,1
2392,0
2393,1
2394,0
2395,1
2396,4
2397,2
2398,4
2399,4
2400,3
2401,3
2402,4
2403,0
2404,1
2405,2
2406,0
2407,2
2408,3
2409,3
2410,3
2411,3
2412,2
2413,2
2414,1
2415,4
2416,2
2417,2
2418,2
2419,0
2420,1
2421,0
2422,4
2423,0
2424,0
2425,1
2426,2
2427,3
2428,4
2429,2
2430,2
2431,3
2432,2
2433,2
2434,0
2435,3
2436,4
2437,1
2438,1
2439,1
2440,0
2441,3
2442,0
2443,1
2444,3
2445,1
2446,3
2447,4
2448,4
2449,4
2450,3
2451,4
2452,1
2453,2
2454,4
2455,3
2456,0
2457,0
2458,2
2459,2
2460,0
2461,1
2462,0
2463,3
2464,3
2465,1
2466,4
2467,0
2468,4
2469,1
2470,2
2471,3
2472,0
2473,4
2474,4
2475,1
2476,4
2477,0
2478,1
2479,3
2480,4
2481,1
2482,1
2483,4
2484,3
2485,2
2486,0
2487,1
2488,1
2489,2
2490,0
2491,0
2492,0
2493,2
2494,4
2495,2
2496,4
2497,1
2498,1
2499,1
2500,4
2501,1
2502,0
2503,0
2504,0
2505,1
2506,3
2507,1
2508,3
2509,2
2510,2
2511,0
2512,0
2513,2
2514,0
2515,1
2516,1
2517,2
2518,3
2519,2
2520,3
2521,1
2522,3
2523,0
2524,1
2525,3
2526,3
2527,2
2528,2
2529,4
2530,1
2531,3
2532,0
2533,2
2534,3
2535,2
2536,2
2537,0
2538,2
2539,0
2540,1
2541,0
2542,4
2543,2
2544,3
2545,0
2546,4
2547,1
2548,0
2549,2
2550,0
2551,4
2552,2
2553,4
2554,0
2555,2
2556,3
2557,1
2558,3
2559,2
2560,0
2561,3
2562,1
2563,3
2564,1
2565,3
2566,4
2567,2
2568,1
2569,4
2570,4
2571,1
2572,2
2573,4
2574,3
2575,3
2576,4
2577,4
2578,3
2579,4
2580,4
2581,2
2582,4
2583,0
2584,1
2585,0
2586,3
2587,3
2588,4
2589,2
2590,0
2591,1
2592,1
2593,2
2594,0
2595,0
2596,4
2597,1
2598,1
2599,0
2600,2
2601,4
2602,2
2603,4
2604,4
2605,2
2606,0
2607,1
2608,4
2609,2
2610,4
2611,4
2612,3
2613,2
2614,3
2615,3
2616,3
2617,2
2618,0
2619,4
2620,3
2621,2
2622,2
2623,2
2624,3
2625,1
2626,0
2627,2
2628,4
2629,4
2630,4
2631,4
2632,4
2633,0
2634,4
2635,0
2636,1
2637,2
2638,3
2639,4
2640,3
2641,1
2642,3
2643,4
2644,0
2645,0
2646,3
2647,1
2648,2
2649,2
2650,0
2651,1
2652,1
2653,1
2654,1
2655,0
2656,0
2657,2
2658,3
2659,3
2660,0
2661,0
2662,4
2663,0
2664,3
2665,3
2666,0
2667,0
2668,1
2669,2
2670,1
2671,4
2672,4
2673,1
2674,2
2675,2
2676,4
2677,2
2678,4
2679,4
2680,4
2681,3
2682,1
2683,3
2684,0
2685,1
2686,3
2687,3
2688,0
2689,2
2690,4
2691,4
2692,1
2693,2
2694,3
2695,2
2696,2
2697,4
2698,2
2699,1
2700,2
2701,0
2702,0
2703,2
2704,0
2705,1
2706,2
2707,4
2708,4
2709,1
2710,1
2711,3
2712,1
2713,2
2714,4
2715,0
2716,1
2717,2
2718,0
2719,2
2720,1
2721,0
2722,0
2723,0
2724,1
2725,2
2726,2
2727,4
2728,0
2729,1
2730,3
2731,4
2732,3
2733,3
2734,3
2735,3
2736,2
2737,1
2738,4
2739,4
2740,4
2741,0
2742,1
2743,1
2744,1
2745,4
2746,4
2747,0
2748,4
2749,0
2750,1
2751,3
2752,0
2753,3
2754,2
2755,0
2756,4
2757,0
2758,2
2759,2
2760,3
2761,4
2762,3
2763,3
2764,0
2765,3
2766,3
2767,3
2768,1
2769,3
2770,1
2771,3
2772,1
2773,4
2774,4
2775,1
2776,2
2777,4
2778,4
2779,3
2780,1
2781,1
2782,4
2783,4
2784,0
2785,4
2786,2
2787,0
2788,1
2789,1
2790,2
2791,3
2792,4
2793,0
2794,3
2795,0
2796,0
2797,2
2798,2
2799,4
2800,3
2801,0
2802,3
2803,2
2804,0
2805,2
2806,3
2807,0
2808,2
2809,1
2810,1
2811,0
2812,3
2813,3
2814,4
2815,0
2816,2
2817,0
2818,2
2819,3
2820,4
2821,2
2822,1
2823,2
2824,1
2825,2
2826,3
2827,3
2828,2
2829,1
2830,2
2831,1
2832,3
2833,4
2834,3
2835,1
2836,0
2837,0
2838,3
2839,0
2840,4
2841,0
2842,0
2843,4
2844,0
2845,4
2846,4
2847,0
2848,2
2849,3
2850,0
2851,3
2852,2
2853,1
2854,0
2855,3
2856,2
2857,2
2858,2
2859,4
2860,3
2861,2
2862,3
2863,2
2864,3
2865,2
2866,1
2867,1
2868,3
2869,3
2870,1
2871,0
2872,3
2873,0
2874,0
2875,2
2876,4
2877,2
2878,3
2879,0
2880,2
2881,0
2882,2
2883,1
2884,2
2885,3
2886,4
2887,1
2888,0
2889,2
2890,0
2891,2
2892,2
2893,4
2894,1
2895,1
2896,4
2897,0
2898,1
2899,4
2900,1
2901,0
2902,0
2903,0
2904,2
2905,4
2906,0
2907,1
2908,0
2909,1
2910,1
2911,1
2912,0
2913,1
2914,3
2915,2
2916,3
2917,1
2918,1
2919,1
2920,3
2921,4
2922,2
2923,1
2924,1
2925,2
2926,3
2927,3
2928,3
2929,1
2930,3
2931,0
2932,3
2933,2
2934,2
2935,3
2936,4
2937,3
2938,3
2939,3
2940,1
2941,3
2942,2
2943,0
2944,1
2945,2
2946,1
2947,3
2948,0
2949,4
2950,4
2951,3
2952,1
2953,2
2954,2
2955,1
2956,0
2957,3
2958,4
2959,4
2960,1
2961,3
2962,0
2963,1
2964,1
2965,3
2966,2
2967,0
2968,2
2969,1
2970,4
2971,2
2972,2
2973,3
2974,1
2975,3
2976,4
2977,3
2978,2
2979,3
2980,0
2981,1
2982,0
2983,2
2984,0
2985,2
2986,3
2987,0
2988,1
2989,2
2990,4
2991,0
2992,0
2993,1
2994,0
2995,0
2996,0
2997,1
2998,0
2999,0
3000,0
3001,0
3002,1
3003,3
3004,4
3005,3
3006,0
3007,3
3008,4
3009,1
3010,1
3011,3
3012,3
3013,4
3014,1
3015,4
3016,0
3017,2
3018,2
3019,2
3020,4
3021,2
3022,0
3023,0
3024,2
3025,3
3026,3
3027,4
3028,1
3029,1
3030,0
3031,0
3032,2
3033,2
3034,2
3035,1
3036,4
3037,2
3038,4
3039,4
3040,4
3041,2
3042,0
3043,4
3044,1
3045,4
3046,1
3047,0
3048,0
3049,0
3050,2
3051,4
3052,0
3053,3
3054,1
3055,1
3056,0
3057,2
3058,3
3059,4
3060,4
3061,1
3062,2
3063,1
3064,0
3065,3
3066,4
3067,2
3068,3
3069,0
3070,2
3071,4
3072,2
3073,1
3074,0
3075,2
3076,0
3077,0
3078,4
3079,1
3080,3
3081,2
3082,4
3083,4
3084,3
3085,4
3086,1
3087,3
3088,1
3089,0
3090,3
3091,0
3092,1
3093,0
3094,0
3095,3
3096,0
3097,4
3098,1
3099,4
3100,2
3101,0
3102,0
3103,4
3104,1
3105,4
3106,1
3107,4
3108,4
3109,1
3110,2
3111,1
3112,2
3113,0
3114,1
3115,1
3116,1
3117,1
3118,2
3119,4
3120,0
3121,3
3122,3
3123,1
3124,1
3125,0
3126,4
3127,4
3128,1
3129,0
3130,0
3131,0
3132,1
3133,3
3134,2
3135,4
3136,3
3137,4
3138,4
3139,1
3140,2
3141,2
3142,1
3143,2
3144,1
3145,2
3146,4
3147,1
3148,1
3149,3
3150,2
3151,2
3152,0
3153,2
3154,3
3155,4
3156,1
3157,0
3158,4
3159,2
3160,3
3161,1
3162,2
3163,0
3164,1
3165,2
3166,3
3167,4
3168,3
3169,2
3170,2
3171,3
3172,4
3173,2
3174,1
3175,3
3176,0
3177,3
3178,3
3179,3
3180,1
3181,2
3182,4
3183,3
3184,1
3185,0
3186,2
3187,2
3188,0
3189,4
3190,2
3191,3
3192,0
3193,0
3194,0
3195,3
3196,1
3197,0
3198,2
3199,4
3200,4
3201,1
3202,2
3203,2
3204,4
3205,4
3206,1
3207,1
3208,4
3209,1
3210,3
3211,3
3212,3
3213,2
3214,4
3215,0
3216,2
3217,2
3218,4
3219,2
3220,3
3221,2
3222,1
3223,0
3224,0
3225,2
3226,3
3227,2
3228,0
3229,4
3230,0
3231,1
3232,1
3233,1
3234,1
3235,2
3236,0
3237,3
3238,0
3239,3
3240,4
3241,0
3242,2
3243,3
3244,0
3245,0
3246,0
3247,3
3248,2
3249,1
3250,4
3251,1
3252,0
3253,4
3254,0
3255,4
3256,4
3257,1
3258,2
3259,4
3260,0
3261,2
3262,1
3263,1
3264,2
3265,2
3266,3
3267,3
3268,2
3269,4
3270,4
3271,3
3272,3
3273,2
3274,2
3275,0
3276,3
3277,3
3278,3
3279,2
3280,4
3281,3
3282,2
3283,0
3284,2
3285,4
3286,2
3287,0
3288,3
3289,0
3290,0
3291,2
3292,1
3293,0
3294,3
3295,1
3296,2
3297,0
3298,3
3299,1
3300,1
3301,2
3302,3
3303,2
3304,2
3305,4
3306,1
3307,1
3308,0
3309,2
3310,1
3311,4
3312,2
3313,0
3314,4
3315,3
3316,0
3317,3
3318,0
3319,0
3320,1
3321,4
3322,1
3323,2
3324,0
3325,0
3326,0
3327,2
3328,0
3329,3
3330,0
3331,3
3332,4
3333,3
3334,1
3335,2
3336,0
3337,3
3338,2
3339,4
3340,2
3341,1
3342,4
3343,3
3344,4
3345,0
3346,4
3347,2
3348,4
3349,2
3350,0
3351,1
3352,0
3353,1
3354,4
3355,3
3356,4
3357,2
3358,4
3359,1
3360,2
3361,3
3362,3
3363,3
3364,4
3365,0
3366,4
3367,4
3368,2
3369,1
3370,0
3371,4
3372,1
3373,2
3374,1
3375,4
3376,4
3377,2
3378,2
3379,3
3380,3
3381,3
3382,1
3383,1
3384,0
3385,2
3386,2
3387,1
3388,4
3389,2
3390,2
3391,2
3392,0
3393,4
3394,3
3395,3
3396,2
3397,2
3398,3
3399,1
3400,4
3401,0
3402,1
3403,3
3404,3
3405,4
3406,4
3407,4
3408,4
3409,3
3410,4
3411,4
3412,4
3413,4
3414,4
3415,2
3416,3
3417,0
3418,0
3419,3
3420,0
3421,3
3422,0
3423,3
3424,2
3425,3
3426,0
3427,3
3428,0
3429,4
3430,1
3431,0
3432,0
3433,2
3434,1
3435,2
3436,3
3437,3
3438,1
3439,4
3440,1
3441,2
3442,4
3443,4
3444,0
3445,2
3446,4
3447,0
3448,2
3449,0
3450,0
3451,4
3452,2
3453,2
3454,1
3455,4
3456,0
3457,0
3458,4
3459,2
3460,3
3461,1
3462,1
3463,4
3464,3
3465,3
3466,2
3467,0
3468,4
3469,1
3470,4
3471,1
3472,3
3473,1
3474,3
3475,3
3476,2
3477,2
3478,2
3479,2
3480,4
3481,2
3482,1
3483,0
3484,4
3485,4
3486,4
3487,2
3488,4
3489,3
3490,2
3491,2
3492,2
3493,0
3494,4
3495,0
3496,2
3497,0
3498,3
3499,3
3500,1
3501,4
3502,0
3503,4
3504,0
3505,1
3506,4
3507,1
3508,1
3509,4
3510,2
3511,3
3512,1
3513,2
3514,4
3515,0
3516,2
3517,4
3518,3
3519,0
3520,2
3521,2
3522,3
3523,2
3524,1
3525,4
3526,1
3527,0
3528,0
3529,4
3530,2
3531,2
3532,3
3533,4
3534,0
3535,4
3536,3
3537,4
3538,2
3539,2
3540,3
3541,1
3542,1
3543,4
3544,2
3545,2
3546,2
3547,3
3548,3
3549,1
3550,3
3551,4
3552,2
3553,4
3554,3
3555,3
3556,2
3557,1
3558,4
3559,1
3560,0
3561,2
3562,4
3563,3
3564,2
3565,2
3566,1
3567,0
3568,1
3569,4
3570,2
3571,4
3572,4
3573,2
3574,3
3575,2
3576,4
3577,1
3578,0
3579,1
3580,0
3581,0
3582,4
3583,0
3584,2
3585,1
3586,4
3587,4
3588,1
3589,1
3590,1
3591,4
3592,2
3593,0
3594,2
3595,2
3596,2
3597,1
3598,0
3599,1
3600,0
3601,0
3602,2
3603,3
3604,2
3605,0
3606,1
3607,2
3608,3
3609,1
3610,1
3611,2
3612,3
3613,2
3614,4
3615,3
3616,4
3617,2
3618,1
3619,4
3620,0
3621,1
3622,4
3623,2
3624,1
3625,0
3626,0
3627,1
3628,1
3629,2
3630,2
3631,0
3632,1
3633,1
3634,1
3635,4
3636,4
3637,3
3638,1
3639,1
3640,1
3641,3
3642,2
3643,0
3644,0
3645,4
3646,3
3647,3
3648,0
3649,2
3650,4
3651,0
3652,3
3653,2
3654,4
3655,3
3656,2
3657,4
3658,3
3659,4
3660,3
3661,1
3662,4
3663,0
3664,2
3665,3
3666,1
3667,0
3668,3
3669,1
3670,0
3671,2
3672,1
3673,4
3674,4
3675,4
3676,1
3677,0
3678,2
3679,3
3680,1
3681,0
3682,3
3683,4
3684,2
3685,3
3686,1
3687,2
3688,4
3689,3
3690,2
3691,0
3692,1
3693,3
3694,4
3695,1
3696,0
3697,1
3698,3
3699,4
3700,1
3701,1
3702,4
3703,3
3704,3
3705,3
3706,0
3707,0
3708,1
3709,1
3710,2
3711,2
3712,1
3713,1
3714,1
3715,3
3716,2
3717,0
3718,3
3719,4
3720,3
3721,0
3722,0
3723,3
3724,0
3725,1
3726,4
3727,4
3728,3
3729,2
3730,4
3731,2
3732,2
3733,0
3734,0
3735,1
3736,1
3737,3
3738,1
3739,2
3740,2
3741,0
3742,2
3743,4
3744,3
3745,4
3746,0
3747,4
3748,3
3749,1
3750,2
3751,4
3752,1
3753,2
3754,0
3755,0
3756,2
3757,3
3758,2
3759,0
3760,0
3761,1
3762,4
3763,0
3764,0
3765,3
3766,3
3767,4
3768,3
3769,2
3770,2
3771,4
3772,3
3773,1
3774,2
3775,0
3776,0
3777,0
3778,0
3779,2
3780,4
3781,4
3782,3
3783,1
3784,2
3785,3
3786,4
3787,0
3788,4
3789,2
3790,2
3791,3
3792,0
3793,0
3794,2
3795,0
3796,0
3797,3
3798,3
3799,3
3800,2
3801,1
3802,1
3803,3
3804,0
3805,0
3806,1
3807,0
3808,4
3809,2
3810,0
3811,3
3812,1
3813,1
3814,1
3815,4
3816,2
3817,4
3818,4
3819,2
3820,4
3821,2
3822,4
3823,3
3824,3
3825,0
3826,1
3827,3
3828,0
3829,1
3830,4
3831,0
3832,2
3833,1
3834,0
3835,4
3836,0
3837,3
3838,2
3839,3
3840,0
3841,4
3842,4
3843,3
3844,4
3845,1
3846,1
3847,3
3848,2
3849,1
3850,3
3851,0
3852,1
3853,2
3854,1
3855,4
3856,0
3857,1
3858,2
3859,2
3860,4
3861,0
3862,4
3863,2
3864,3
3865,0
3866,0
3867,2
3868,0
3869,2
3870,2
3871,3
3872,1
3873,3
3874,2
3875,3
3876,1
3877,3
3878,1
3879,0
3880,2
3881,4
3882,3
3883,2
3884,4
3885,3
3886,2
3887,3
3888,3
3889,1
3890,1
3891,4
3892,0
3893,1
3894,2
3895,2
3896,2
3897,1
3898,3
3899,4
3900,2
3901,1
3902,3
3903,2
3904,1
3905,3
3906,1
3907,1
3908,4
3909,3
3910,2
3911,0
3912,3
3913,3
3914,2
3915,2
3916,4
3917,3
3918,3
3919,1
3920,3
3921,2
3922,1
3923,3
3924,1
3925,1
3926,1
3927,3
3928,2
3929,2
3930,2
3931,1
3932,3
3933,0
3934,3
3935,4
3936,3
3937,4
3938,1
3939,0
3940,4
3941,3
3942,0
3943,3
3944,0
3945,2
3946,0
3947,1
3948,1
3949,4
3950,3
3951,0
3952,2
3953,4
3954,2
3955,0
3956,3
3957,0
3958,2
3959,4
3960,4
3961,4
3962,4
3963,4
3964,1
3965,3
3966,2
3967,4
3968,3
3969,4
3970,1
3971,1
3972,0
3973,1
3974,1
3975,0
3976,4
3977,4
3978,0
3979,4
3980,0
3981,4
3982,4
3983,2
3984,0
3985,1
3986,3
3987,1
3988,4
3989,2
3990,1
3991,0
3992,0
3993,0
3994,1
3995,1
3996,3
3997,3
3998,1
3999,0
4000,0
4001,0
4002,4
4003,4
4004,4
4005,1
4006,4
4007,0
4008,1
4009,2
4010,2
4011,1
4012,3
4013,0
4014,2
4015,3
4016,1
4017,0
4018,3
4019,3
4020,2
4021,4
4022,1
4023,4
4024,3
4025,0
4026,3
4027,2
4028,0
4029,4
4030,4
4031,1
4032,2
4033,2
4034,4
4035,1
4036,1
4037,4
4038,4
4039,4
4040,2
4041,3
4042,1
4043,0
4044,0
4045,1
4046,2
4047,3
4048,2
4049,1
4050,3
4051,2
4052,4
4053,4
4054,4
4055,2
4056,0
4057,1
4058,4
4059,4
4060,2
4061,0
4062,0
4063,3
4064,4
4065,2
4066,3
4067,3
4068,0
4069,4
4070,0
4071,4
4072,0
4073,4
4074,0
4075,2
4076,4
4077,4
4078,4
4079,2
4080,2
4081,2
4082,4
4083,3
4084,1
4085,3
4086,0
4087,3
4088,1
4089,1
4090,2
4091,1
4092,4
4093,0
4094,0
4095,1
4096,4
4097,1
4098,1
4099,2
4100,4
4101,1
4102,3
4103,0
4104,3
4105,4
4106,3
4107,1
4108,4
4109,1
4110,1
4111,0
4112,0
4113,3
4114,1
4115,3
4116,4
4117,0
4118,0
4119,2
4120,1
4121,4
4122,1
4123,1
4124,0
4125,2
4126,1
4127,3
4128,0
4129,2
4130,0
4131,1
4132,3
4133,4
4134,0
4135,4
4136,4
4137,3
4138,1
4139,0
4140,2
4141,2
4142,2
4143,4
4144,3
4145,1
4146,4
4147,0
4148,3
4149,0
4150,1
4151,1
4152,4
4153,4
4154,0
4155,3
4156,3
4157,1
4158,2
4159,4
4160,0
4161,0
4162,1
4163,2
4164,3
4165,3
4166,0
4167,0
4168,0
4169,3
4170,1
4171,1
4172,1
4173,4
4174,2
4175,2
4176,0
4177,0
4178,0
4179,0
4180,3
4181,4
4182,1
4183,1
4184,1
4185,3
4186,2
4187,0
4188,0
4189,2
4190,4
4191,0
4192,2
4193,1
4194,3
4195,2
4196,3
4197,1
4198,0
4199,2
4200,2
4201,0
4202,1
4203,0
4204,4
4205,2
4206,4
4207,2
4208,0
4209,2
4210,0
4211,4
4212,3
4213,3
4214,0
4215,0
4216,2
4217,3
4218,0
4219,3
4220,1
4221,4
4222,0
4223,1
4224,0
4225,3
4226,3
4227,4
4228,4
4229,3
4230,1
4231,2
4232,4
4233,1
4234,0
4235,1
4236,0
4237,0
4238,2
4239,2
4240,1
4241,0
4242,1
4243,4
4244,2
4245,4
4246,4
4247,0
4248,3
4249,2
4250,3
4251,1
4252,1
4253,1
4254,1
4255,2
4256,3
4257,0
4258,2
4259,2
4260,3
4261,4
4262,4
4263,0
4264,3
4265,1
4266,4
4267,1
4268,0
4269,4
4270,2
4271,4
4272,2
4273,2
4274,2
4275,1
4276,3
4277,1
4278,3
4279,4
4280,4
4281,3
4282,1
4283,2
4284,2
4285,3
4286,2
4287,3
4288,0
4289,1
4290,4
4291,4
4292,4
4293,3
4294,1
4295,3
4296,4
4297,2
4298,1
4299,2
4300,0
4301,4
4302,2
4303,4
4304,1
4305,0
4306,3
4307,2
4308,1
4309,1
4310,2
4311,3
4312,2
4313,3
4314,4
4315,4
4316,3
4317,4
4318,2
4319,3
4320,3
4321,4
4322,2
4323,1
4324,0
4325,1
4326,1
4327,2
4328,0
4329,3
4330,2
4331,3
4332,3
4333,0
4334,1
4335,1
4336,1
4337,0
4338,2
4339,2
4340,0
4341,0
4342,4
4343,2
4344,1
4345,3
4346,1
4347,2
4348,0
4349,2
4350,3
4351,0
4352,1
4353,1
4354,3
4355,3
4356,1
4357,0
4358,4
4359,1
4360,2
4361,2
4362,4
4363,0
4364,4
4365,4
4366,1
4367,2
4368,3
4369,1
4370,1
4371,4
4372,2
4373,1
4374,2
4375,4
4376,4
4377,1
4378,1
4379,3
4380,3
4381,1
4382,0
4383,0
4384,3
4385,4
4386,2
4387,3
4388,0
4389,0
4390,2
4391,2
4392,2
4393,0
4394,0
4395,4
4396,4
4397,3
4398,0
4399,2
4400,3
4401,3
4402,1
4403,0
4404,1
4405,1
4406,2
4407,1
4408,0
4409,0
4410,2
4411,3
4412,1
4413,2
4414,1
4415,3
4416,2
4417,2
4418,0
4419,4
4420,3
4421,4
4422,3
4423,4
4424,3
4425,0
4426,3
4427,2
4428,2
4429,1
4430,0
4431,4
4432,3
4433,4
4434,2
4435,4
4436,0
4437,3
4438,0
4439,1
4440,1
4441,1
4442,0
4443,3
4444,1
4445,0
4446,1
4447,3
4448,3
4449,4
4450,4
4451,3
4452,3
4453,2
4454,2
4455,2
4456,2
4457,3
4458,3
4459,3
4460,2
4461,0
4462,4
4463,2
4464,1
4465,3
4466,0
4467,4
4468,2
4469,3
4470,2
4471,1
4472,2
4473,2
4474,1
4475,1
4476,3
4477,0
4478,4
4479,4
4480,2
4481,3
4482,2
4483,1
4484,1
4485,0
4486,3
4487,1
4488,4
4489,3
4490,2
4491,2
4492,3
4493,1
4494,0
4495,1
4496,1
4497,2
4498,0
4499,1
4500,2
4501,3
4502,0
4503,3
4504,0
4505,1
4506,1
4507,0
4508,1
4509,1
4510,1
4511,3
4512,2
4513,4
4514,0
4515,2
4516,4
4517,1
4518,2
4519,2
4520,0
4521,0
4522,2
4523,2
4524,0
4525,0
4526,3
4527,2
4528,2
4529,0
4530,4
4531,0
4532,1
4533,4
4534,3
4535,4
4536,4
4537,2
4538,3
4539,1
4540,0
4541,0
4542,3
4543,0
4544,0
4545,0
4546,3
4547,1
4548,3
4549,1
4550,3
4551,2
4552,4
4553,1
4554,0
4555,4
4556,4
4557,4
4558,1
4559,2
4560,3
4561,4
4562,0
4563,4
4564,3
4565,4
4566,1
4567,4
4568,4
4569,0
4570,2
4571,3
4572,0
4573,0
4574,2
4575,0
4576,4
4577,1
4578,3
4579,2
4580,1
4581,2
4582,0
4583,4
4584,2
4585,4
4586,1
4587,2
4588,2
4589,3
4590,2
4591,4
4592,1
4593,4
4594,1
4595,4
4596,4
4597,0
4598,4
4599,1
4600,4
4601,0
4602,1
4603,3
4604,1
4605,0
4606,2
4607,3
4608,4
4609,0
4610,4
4611,4
4612,1
4613,4
4614,2
4615,0
4616,4
4617,2
4618,0
4619,3
4620,2
4621,0
4622,3
4623,4
4624,1
4625,2
4626,1
4627,1
4628,0
4629,1
4630,0
4631,3
4632,1
4633,4
4634,3
4635,4
4636,0
4637,3
4638,2
4639,2
4640,2
4641,4
4642,3
4643,4
4644,3
4645,2
4646,1
4647,3
4648,3
4649,0
4650,4
4651,1
4652,2
4653,2
4654,1
4655,0
4656,4
4657,4
4658,1
4659,3
4660,0
4661,3
4662,2
4663,4
4664,4
4665,2
4666,1
4667,2
4668,2
4669,3
4670,1
4671,4
4672,4
4673,3
4674,4
4675,2
4676,3
4677,0
4678,2
4679,1
4680,4
4681,0
4682,4
4683,1
4684,1
4685,0
4686,0
4687,1
4688,4
4689,4
4690,3
4691,2
4692,0
4693,3
4694,1
4695,4
4696,2
4697,0
4698,3
4699,1
4700,3
4701,0
4702,1
4703,1
4704,3
4705,4
4706,2
4707,1
4708,3
4709,3
4710,1
4711,3
4712,2
4713,4
4714,4
4715,3
4716,0
4717,0
4718,1
4719,3
4720,1
4721,3
4722,3
4723,1
4724,2
4725,2
4726,3
4727,0
4728,4
4729,2
4730,0
4731,0
4732,1
4733,0
4734,4
4735,1
4736,2
4737,0
4738,3
4739,3
4740,3
4741,1
4742,1
4743,4
4744,1
4745,2
4746,4
4747,3
4748,4
4749,1
4750,4
4751,4
4752,3
4753,1
4754,1
4755,0
4756,0
4757,4
4758,1
4759,3
4760,1
4761,4
4762,0
4763,2
4764,1
4765,4
4766,2
4767,0
4768,1
4769,0
4770,1
4771,2
4772,4
4773,4
4774,3
4775,3
4776,3
4777,4
4778,2
4779,2
4780,3
4781,2
4782,2
4783,0
4784,4
4785,2
4786,3
4787,0
4788,2
4789,0
4790,1
4791,2
4792,4
4793,1
4794,3
4795,3
4796,2
4797,1
4798,4
4799,2
4800,2
4801,1
4802,4
4803,0
4804,0
4805,1
4806,2
4807,0
4808,3
4809,2
4810,2
4811,3
4812,1
4813,2
4814,2
4815,4
4816,2
4817,2
4818,3
4819,1
4820,0
4821,1
4822,4
4823,0
4824,4
4825,3
4826,2
4827,4
4828,0
4829,3
4830,0
4831,1
4832,3
4833,0
4834,1
4835,1
4836,3
4837,1
4838,1
4839,4
4840,0
4841,1
4842,1
4843,0
4844,3
4845,0
4846,0
4847,3
4848,3
4849,0
4850,2
4851,2
4852,4
4853,0
4854,2
4855,3
4856,1
4857,0
4858,0
4859,4
4860,1
4861,2
4862,3
4863,1
4864,2
4865,0
4866,2
4867,3
4868,2
4869,0
4870,0
4871,0
4872,2
4873,4
4874,4
4875,2
4876,3
4877,1
4878,2
4879,4
4880,4
4881,3
4882,4
4883,1
4884,3
4885,0
4886,0
4887,2
4888,2
4889,0
4890,4
4891,0
4892,2
4893,1
4894,2
4895,3
4896,4
4897,2
4898,4
4899,0
4900,2
4901,4
4902,3
4903,4
4904,1
4905,1
4906,4
4907,4
4908,3
4909,4
4910,4
4911,4
4912,2
4913,1
4914,2
4915,1
4916,4
4917,4
4918,2
4919,0
4920,4
4921,0
4922,3
4923,2
4924,1
4925,2
4926,0
4927,2
4928,0
4929,1
4930,2
4931,2
4932,0
4933,2
4934,2
4935,0
4936,0
4937,0
4938,3
4939,4
4940,0
4941,2
4942,1
4943,3
4944,1
4945,4
4946,0
4947,3
4948,4
4949,1
4950,0
4951,0
4952,1
4953,4
4954,4
4955,2
4956,4
4957,4
4958,2
4959,1
4960,4
4961,1
4962,2
4963,1
4964,0
4965,3
4966,3
4967,2
4968,0
4969,2
4970,1
4971,0
4972,2
4973,2
4974,1
4975,4
4976,1
4977,1
4978,4
4979,3
4980,4
4981,0
4982,2
4983,3
4984,4
4985,1
4986,2
4987,3
4988,3
4989,3
4990,1
4991,2
4992,2
4993,2
4994,3
4995,4
4996,0
4997,1
4998,4
4999,3
5000,4
5001,0
5002,0
5003,2
5004,1
5005,2
5006,0
5007,4
5008,3
5009,3
5010,0
5011,0
5012,0
5013,2
5014,1
5015,1
5016,3
5017,0
5018,1
5019,3
5020,3
5021,2
5022,3
5023,3
5024,4
5025,1
5026,4
5027,4
5028,1
5029,4
5030,4
5031,2
5032,0
5033,4
5034,1
5035,1
5036,0
5037,0
5038,4
5039,3
5040,4
5041,3
5042,4
5043,2
5044,4
5045,4
5046,0
5047,4
5048,3
5049,0
5050,4
5051,1
5052,4
5053,0
5054,2
5055,0
5056,1
5057,2
5058,1
5059,4
5060,2
5061,2
5062,1
5063,3
5064,1
5065,1
5066,0
5067,1
5068,1
5069,0
5070,4
5071,0
5072,1
5073,0
5074,1
5075,3
5076,0
5077,2
5078,4
5079,1
5080,0
5081,4
5082,4
5083,4
5084,4
5085,3
5086,0
5087,1
5088,3
5089,2
5090,1
5091,4
5092,2
5093,2
5094,1
5095,0
5096,3
5097,0
5098,4
5099,2
5100,4
5101,1
5102,1
5103,1
5104,4
5105,0
5106,3
5107,4
5108,4
5109,2
5110,3
5111,3
5112,4
5113,2
5114,3
5115,0
5116,0
5117,4
5118,3
5119,0
5120,4
5121,3
5122,2
5123,4
5124,1
5125,4
5126,2
5127,4
5128,2
5129,2
5130,4
5131,2
5132,0
5133,3
5134,4
5135,4
5136,4
5137,3
5138,0
5139,2
5140,4
5141,4
5142,1
5143,4
5144,0
5145,0
5146,2
5147,1
5148,1
5149,0
5150,1
5151,1
5152,0
5153,2
5154,3
5155,4
5156,4
5157,4
5158,2
5159,1
5160,4
5161,0
5162,2
5163,3
5164,0
5165,2
5166,3
5167,1
5168,0
5169,1
5170,1
5171,0
5172,1
5173,3
5174,0
5175,0
5176,3
5177,4
5178,0
5179,2
5180,4
5181,4
5182,1
5183,4
5184,0
5185,1
5186,2
5187,4
5188,2
5189,2
5190,2
5191,0
5192,1
5193,1
5194,0
5195,0
5196,0
5197,0
5198,2
5199,4
5200,1
5201,3
5202,3
5203,3
5204,3
5205,2
5206,4
5207,1
5208,1
5209,1
5210,3
5211,4
5212,2
5213,4
5214,4
5215,1
5216,1
5217,3
5218,1
5219,3
5220,1
5221,2
5222,0
5223,4
5224,1
5225,3
5226,2
5227,1
5228,1
5229,1
5230,0
5231,0
5232,3
5233,2
5234,2
5235,3
5236,2
5237,3
5238,4
5239,2
5240,3
5241,3
5242,0
5243,1
5244,1
5245,1
5246,0
5247,0
5248,0
5249,4
5250,1
5251,0
5252,3
5253,3
5254,0
5255,2
5256,2
5257,4
5258,2
5259,0
5260,0
5261,0
5262,4
5263,4
5264,2
5265,0
5266,4
5267,3
5268,1
5269,3
5270,1
5271,3
5272,0
5273,0
5274,1
5275,2
5276,4
5277,1
5278,1
5279,3
5280,1
5281,3
5282,4
5283,3
5284,1
5285,3
5286,4
5287,0
5288,3
5289,4
5290,0
5291,3
5292,4
5293,4
5294,2
5295,3
5296,2
5297,4
5298,4
5299,4
5300,4
5301,4
5302,0
5303,3
5304,0
5305,4
5306,1
5307,0
5308,1
5309,3
5310,1
5311,2
5312,3
5313,4
5314,1
5315,3
5316,1
5317,4
5318,2
5319,3
5320,3
5321,2
5322,4
5323,3
5324,4
5325,4
5326,3
5327,1
5328,3
5329,0
5330,1
5331,0
5332,1
5333,4
5334,2
5335,1
5336,2
5337,4
5338,3
5339,0
5340,2
5341,1
5342,1
5343,3
5344,2
5345,3
5346,2
5347,3
5348,3
5349,0
5350,4
5351,4
5352,4
5353,4
5354,2
5355,1
5356,2
5357,1
5358,3
5359,1
5360,4
5361,1
5362,3
5363,0
5364,4
5365,4
5366,4
5367,4
5368,1
5369,4
5370,2
5371,1
5372,4
5373,4
5374,1
5375,3
5376,0
5377,3
5378,0
5379,0
5380,3
5381,1
5382,4
5383,1
5384,3
5385,4
5386,0
5387,0
5388,3
5389,2
5390,0
5391,0
5392,2
5393,0
5394,0
5395,3
5396,4
5397,2
5398,4
5399,2
5400,4
5401,2
5402,1
5403,1
5404,4
5405,2
5406,1
5407,1
5408,0
5409,1
5410,2
5411,0
5412,4
5413,3
5414,4
5415,2
5416,1
5417,1
5418,1
5419,0
5420,2
5421,2
5422,1
5423,3
5424,3
5425,3
5426,3
5427,3
5428,3
5429,4
5430,3
5431,3
5432,2
5433,2
5434,3
5435,2
5436,2
5437,0
5438,1
5439,3
5440,3
5441,4
5442,1
5443,0
5444,2
5445,2
5446,4
5447,0
5448,0
5449,1
5450,2
5451,2
5452,0
5453,0
5454,2
5455,3
5456,1
5457,2
5458,0
5459,1
5460,4
5461,2
5462,0
5463,2
5464,0
5465,0
5466,4
5467,0
5468,0
5469,2
5470,0
5471,4
5472,4
5473,2
5474,0
5475,0
5476,2
5477,4
5478,2
5479,3
5480,3
5481,1
5482,1
5483,2
5484,3
5485,1
5486,3
5487,1
5488,3
5489,2
5490,4
5491,3
5492,4
5493,4
5494,0
5495,0
5496,3
5497,1
5498,4
5499,3
5500,4
5501,2
5502,3
5503,4
5504,1
5505,1
5506,4
5507,2
5508,2
5509,2
5510,2
5511,2
5512,3
5513,3
5514,2
5515,0
5516,3
5517,0
5518,4
5519,4
5520,3
5521,3
5522,2
5523,3
5524,4
5525,0
5526,0
5527,4
5528,4
5529,2
5530,2
5531,3
5532,2
5533,4
5534,0
5535,4
5536,2
5537,2
5538,4
5539,2
5540,3
5541,1
5542,2
5543,0
5544,0
5545,0
5546,4
5547,4
5548,2
5549,0
5550,0
5551,1
5552,0
5553,2
5554,2
5555,3
5556,1
5557,2
5558,1
5559,0
5560,3
5561,1
5562,1
5563,3
5564,2
5565,0
5566,4
5567,3
5568,4
5569,4
5570,2
5571,1
5572,4
5573,1
5574,3
5575,1
5576,1
5577,4
5578,2
5579,2
5580,1
5581,2
5582,3
5583,4
5584,0
5585,3
5586,4
5587,4
5588,4
5589,2
5590,3
5591,0
5592,1
5593,2
5594,0
5595,2
5596,2
5597,4
5598,1
5599,1
5600,1
5601,4
5602,3
5603,2
5604,0
5605,2
5606,2
5607,1
5608,0
5609,3
5610,2
5611,4
5612,4
5613,4
5614,1
5615,1
5616,4
5617,1
5618,0
5619,0
5620,4
5621,2
5622,1
5623,3
5624,2
5625,4
5626,3
5627,0
5628,3
5629,0
5630,4
5631,3
5632,0
5633,3
5634,0
5635,3
5636,3
5637,3
5638,3
5639,2
5640,4
5641,4
5642,3
5643,3
5644,2
5645,3
5646,0
5647,2
5648,4
5649,0
5650,3
5651,2
5652,2
5653,3
5654,4
5655,0
5656,1
5657,4
5658,1
5659,2
5660,2
5661,4
5662,1
5663,4
5664,2
5665,2
5666,0
5667,2
5668,4
5669,3
5670,0
5671,0
5672,3
5673,4
5674,0
5675,2
5676,4
5677,2
5678,0
5679,2
5680,3
5681,1
5682,4
5683,4
5684,2
5685,1
5686,4
5687,2
5688,2
5689,3
5690,3
5691,1
5692,0
5693,3
5694,0
5695,4
5696,0
5697,0
5698,4
5699,3
5700,3
5701,3
5702,1
5703,2
5704,2
5705,2
5706,2
5707,3
5708,2
5709,4
5710,3
5711,2
5712,2
5713,2
5714,2
5715,4
5716,3
5717,3
5718,4
5719,4
5720,3
5721,3
5722,3
5723,4
5724,1
5725,2
5726,3
5727,3
5728,4
5729,1
5730,4
5731,0
5732,2
5733,0
5734,2
5735,2
5736,4
5737,3
5738,1
5739,4
5740,0
5741,4
5742,3
5743,1
5744,4
5745,0
5746,4
5747,3
5748,4
5749,4
5750,2
5751,0
5752,4
5753,0
5754,1
5755,2
5756,2
5757,2
5758,3
5759,1
5760,1
5761,1
5762,0
5763,3
5764,2
5765,1
5766,2
5767,1
5768,0
5769,0
5770,4
5771,1
5772,2
5773,2
5774,3
5775,1
5776,1
5777,1
5778,3
5779,1
5780,3
5781,0
5782,1
5783,2
5784,1
5785,2
5786,3
5787,1
5788,4
5789,0
5790,3
5791,2
5792,4
5793,0
5794,4
5795,3
5796,1
5797,4
5798,3
5799,2
5800,0
5801,2
5802,1
5803,2
5804,0
5805,3
5806,3
5807,0
5808,0
5809,0
5810,3
5811,4
5812,0
5813,2
5814,3
5815,2
5816,4
5817,4
5818,4
5819,4
5820,0
5821,2
5822,3
5823,2
5824,1
5825,0
5826,4
5827,0
5828,2
5829,0
5830,1
5831,1
5832,1
5833,1
5834,2
5835,1
5836,1
5837,4
5838,0
5839,3
5840,2
5841,3
5842,3
5843,3
5844,4
5845,4
5846,0
5847,4
5848,0
5849,4
5850,1
5851,4
5852,4
5853,4
5854,2
5855,1
5856,3
5857,3
5858,4
5859,1
5860,0
5861,2
5862,3
5863,0
5864,3
5865,1
5866,4
5867,0
5868,1
5869,2
5870,0
5871,0
5872,4
5873,4
5874,0
5875,0
5876,1
5877,2
5878,0
5879,4
5880,4
5881,3
5882,0
5883,4
5884,2
5885,4
5886,4
5887,3
5888,1
5889,3
5890,1
5891,3
5892,1
5893,1
5894,3
5895,1
5896,1
5897,3
5898,4
5899,2
5900,2
5901,1
5902,2
5903,3
5904,1
5905,4
5906,1
5907,3
5908,0
5909,0
5910,2
5911,3
5912,2
5913,1
5914,4
5915,2
5916,4
5917,2
5918,0
5919,3
5920,3
5921,3
5922,1
5923,0
5924,2
5925,4
5926,4
5927,1
5928,2
5929,3
5930,1
5931,0
5932,3
5933,2
5934,2
5935,3
5936,0
5937,1
5938,2
5939,3
5940,4
5941,1
5942,0
5943,3
5944,0
5945,4
5946,0
5947,4
5948,0
5949,0
5950,1
5951,4
5952,1
5953,0
5954,1
5955,4
5956,1
5957,2
5958,0
5959,4
5960,1
5961,4
5962,1
5963,3
5964,2
5965,2
5966,4
5967,0
5968,2
5969,1
5970,2
5971,1
5972,1
5973,0
5974,3
5975,4
5976,0
5977,2
5978,4
5979,3
5980,3
5981,2
5982,3
5983,2
5984,0
5985,1
5986,1
5987,1
5988,1
5989,1
5990,0
5991,1
5992,3
5993,2
5994,2
5995,1
5996,4
5997,0
5998,0
5999,3
6000,4
6001,0
6002,3
6003,3
6004,3
6005,2
6006,1
6007,4
6008,4
6009,4
6010,2
6011,4
6012,4
6013,3
6014,4
6015,1
6016,1
6017,2
6018,3
6019,2
6020,1
6021,2
6022,4
6023,2
6024,4
6025,1
6026,4
6027,0
6028,2
6029,0
6030,3
6031,4
6032,0
6033,4
6034,0
6035,1
6036,1
6037,3
6038,2
6039,1
6040,2
6041,4
6042,2
6043,2
6044,3
6045,4
6046,0
6047,2
6048,3
6049,0
6050,2
6051,4
6052,2
6053,4
6054,2
6055,3
6056,2
6057,1
6058,4
6059,0
6060,0
6061,0
6062,3
6063,2
6064,2
6065,0
6066,4
6067,2
6068,1
6069,2
6070,0
6071,2
6072,3
6073,1
6074,0
6075,3
6076,4
6077,3
6078,1
6079,2
6080,0
6081,1
6082,1
6083,0
6084,3
6085,0
6086,4
6087,2
6088,4
6089,4
6090,4
6091,0
6092,0
6093,2
6094,1
6095,2
6096,0
6097,0
6098,0
6099,3
6100,1
6101,2
6102,1
6103,3
6104,1
6105,3
6106,3
6107,1
6108,0
6109,3
6110,4
6111,0
6112,4
6113,0
6114,1
6115,3
6116,1
6117,0
6118,1
6119,3
6120,0
6121,4
6122,4
6123,2
6124,3
6125,3
6126,2
6127,1
6128,2
6129,0
6130,0
6131,2
6132,1
6133,2
6134,4
6135,1
6136,3
6137,2
6138,4
6139,0
6140,2
6141,0
6142,0
6143,3
6144,1
6145,4
6146,1
6147,3
6148,2
6149,1
6150,2
6151,3
6152,0
6153,0
6154,3
6155,2
6156,4
6157,0
6158,2
6159,0
6160,1
6161,0
6162,4
6163,1
6164,2
6165,0
6166,2
6167,2
6168,1
6169,3
6170,3
6171,0
6172,0
6173,0
6174,1
6175,1
6176,1
6177,1
6178,0
6179,2
6180,3
6181,3
6182,0
6183,0
6184,1
6185,4
6186,3
6187,0
6188,2
6189,3
6190,3
6191,0
6192,4
6193,1
6194,4
6195,1
6196,0
6197,4
6198,2
6199,1
6200,4
6201,4
6202,4
6203,2
6204,1
6205,4
6206,2
6207,2
6208,3
6209,3
6210,4
6211,0
6212,4
6213,2
6214,2
6215,4
6216,2
6217,3
6218,0
6219,1
6220,0
6221,1
6222,1
6223,0
6224,4
6225,0
6226,2
6227,0
6228,0
6229,3
6230,1
6231,0
6232,2
6233,4
6234,0
6235,3
6236,4
6237,0
6238,1
6239,2
6240,4
6241,4
6242,0
6243,0
6244,2
6245,3
6246,2
6247,2
6248,3
6249,1
6250,1
6251,2
6252,2
6253,4
6254,2
6255,1
6256,4
6257,4
6258,0
6259,0
6260,2
6261,0
6262,4
6263,0
6264,4
6265,0
6266,0
6267,3
6268,2
6269,0
6270,4
6271,1
6272,3
6273,2
6274,4
6275,1
6276,2
6277,3
6278,3
6279,1
6280,1
6281,4
6282,2
6283,4
6284,3
6285,4
6286,1
6287,1
6288,1
6289,3
6290,2
6291,1
6292,2
6293,4
6294,3
6295,4
6296,2
6297,0
6298,4
6299,2
6300,2
6301,0
6302,3
6303,4
6304,2
6305,2
6306,0
6307,1
6308,2
6309,2
6310,0
6311,0
6312,1
6313,3
6314,1
6315,2
6316,1
6317,4
6318,4
6319,4
6320,3
6321,3
6322,1
6323,2
6324,3
6325,1
6326,3
6327,3
6328,3
6329,2
6330,1
6331,0
6332,3
6333,4
6334,3
6335,1
6336,1
6337,3
6338,1
6339,3
6340,1
6341,4
6342,1
6343,1
6344,1
6345,1
6346,2
6347,2
6348,4
6349,2
6350,3
6351,0
6352,1
6353,3
6354,3
6355,0
6356,3
6357,0
6358,2
6359,0
6360,3
6361,3
6362,2
6363,4
6364,3
6365,1
6366,0
6367,3
6368,3
6369,1
6370,2
6371,1
6372,3
6373,0
6374,4
6375,4
6376,0
6377,0
6378,0
6379,2
6380,1
6381,2
6382,2
6383,1
6384,3
6385,0
6386,0
6387,1
6388,4
6389,3
6390,3
6391,2
6392,3
6393,3
6394,2
6395,2
6396,1
6397,3
6398,2
6399,0
6400,2
6401,1
6402,0
6403,3
6404,1
6405,1
6406,1
6407,4
6408,1
6409,0
6410,0
6411,1
6412,2
6413,0
6414,0
6415,0
6416,0
6417,3
6418,1
6419,2
6420,0
6421,4
6422,0
6423,4
6424,3
6425,1
6426,2
6427,4
6428,3
6429,2
6430,1
6431,4
6432,0
6433,1
6434,3
6435,1
6436,2
6437,4
6438,0
6439,2
6440,2
6441,3
6442,2
6443,2
6444,0
6445,0
6446,1
6447,3
6448,4
6449,4
6450,2
6451,1
6452,3
6453,0
6454,4
6455,4
6456,4
6457,3
6458,0
6459,0
6460,2
6461,0
6462,2
6463,3
6464,3
6465,4
6466,0
6467,2
6468,3
6469,0
6470,4
6471,1
6472,1
6473,1
6474,1
6475,0
6476,4
6477,1
6478,3
6479,1
6480,0
6481,3
6482,4
6483,2
6484,4
6485,4
6486,1
6487,4
6488,0
6489,2
6490,0
6491,0
6492,0
6493,0
6494,3
6495,1
6496,1
6497,1
6498,1
6499,2
6500,4
6501,3
6502,4
6503,4
6504,4
6505,4
6506,4
6507,4
6508,4
6509,3
6510,3
6511,0
6512,2
6513,4
6514,3
6515,1
6516,2
6517,2
6518,0
6519,0
6520,0
6521,2
6522,4
6523,2
6524,3
6525,4
6526,1
6527,0
6528,3
6529,4
6530,2
6531,4
6532,3
6533,1
6534,1
6535,3
6536,0
6537,3
6538,2
6539,1
6540,4
6541,3
6542,4
6543,1
6544,0
6545,4
6546,3
6547,2
6548,1
6549,1
6550,2
6551,1
6552,3
6553,4
6554,2
6555,1
6556,3
6557,4
6558,1
6559,2
6560,0
6561,3
6562,1
6563,0
6564,3
6565,2
6566,1
6567,4
6568,3
6569,1
6570,2
6571,2
6572,4
6573,4
6574,4
6575,2
6576,2
6577,3
6578,2
6579,1
6580,0
6581,4
6582,1
6583,0
6584,3
6585,3
6586,0
6587,3
6588,4
6589,0
6590,0
6591,1
6592,4
6593,4
6594,1
6595,1
6596,4
6597,2
6598,0
6599,4
6600,0
6601,4
6602,2
6603,1
6604,0
6605,4
6606,2
6607,2
6608,0
6609,0
6610,1
6611,1
6612,1
6613,3
6614,3
6615,0
6616,4
6617,1
6618,0
6619,3
6620,0
6621,4
6622,3
6623,2
6624,2
6625,1
6626,2
6627,1
6628,0
6629,3
6630,3
6631,3
6632,1
6633,2
6634,4
6635,3
6636,0
6637,2
6638,4
6639,1
6640,1
6641,3
6642,4
6643,4
6644,1
6645,3
6646,3
6647,0
6648,3
6649,3
6650,0
6651,3
6652,2
6653,3
6654,2
6655,3
6656,2
6657,3
6658,4
6659,3
6660,3
6661,3
6662,4
6663,3
6664,2
6665,3
6666,2
6667,3
6668,2
6669,3
6670,3
6671,1
6672,3
6673,1
6674,4
6675,4
6676,2
6677,2
6678,2
6679,3
6680,4
6681,3
6682,1
6683,2
6684,0
6685,2
6686,2
6687,1
6688,4
6689,0
6690,3
6691,4
6692,3
6693,1
6694,4
6695,4
6696,3
6697,0
6698,4
6699,3
6700,0
6701,0
6702,3
6703,0
6704,2
6705,2
6706,4
6707,1
6708,3
6709,4
6710,4
6711,4
6712,1
6713,3
6714,3
6715,0
6716,4
6717,0
6718,0
6719,2
6720,4
6721,2
6722,4
6723,0
6724,4
6725,0
6726,3
6727,4
6728,1
6729,1
6730,0
6731,3
6732,2
6733,3
6734,0
6735,2
6736,2
6737,3
6738,1
6739,3
6740,0
6741,1
6742,3
6743,1
6744,2
6745,3
6746,3
6747,0
6748,0
6749,4
6750,3
6751,2
6752,4
6753,2
6754,4
6755,3
6756,3
6757,2
6758,2
6759,1
6760,3
6761,1
6762,0
6763,3
6764,4
6765,2
6766,0
6767,3
6768,4
6769,1
6770,2
6771,2
6772,2
6773,0
6774,3
6775,2
6776,1
6777,0
6778,1
6779,1
6780,1
6781,1
6782,3
6783,0
6784,4
6785,2
6786,4
6787,1
6788,2
6789,1
6790,2
6791,4
6792,4
6793,4
6794,1
6795,3
6796,4
6797,2
6798,0
6799,3
6800,3
6801,2
6802,4
6803,4
6804,0
6805,0
6806,4
6807,0
6808,3
6809,1
6810,2
6811,1
6812,2
6813,1
6814,4
6815,2
6816,3
6817,1
6818,0
6819,0
6820,1
6821,3
6822,2
6823,1
6824,3
6825,4
6826,1
6827,2
6828,1
6829,4
6830,2
6831,0
6832,3
6833,0
6834,4
6835,0
6836,0
6837,2
6838,3
6839,3
6840,1
6841,4
6842,2
6843,0
6844,4
6845,3
6846,2
6847,0
6848,4
6849,1
6850,1
6851,1
6852,1
6853,0
6854,0
6855,2
6856,2
6857,2
6858,4
6859,2
6860,4
6861,3
6862,1
6863,2
6864,4
6865,4
6866,2
6867,1
6868,2
6869,4
6870,2
6871,4
6872,1
6873,3
6874,2
6875,4
6876,4
6877,1
6878,3
6879,0
6880,2
6881,4
6882,3
6883,4
6884,1
6885,0
6886,1
6887,4
6888,4
6889,1
6890,4
6891,0
6892,4
6893,1
6894,0
6895,2
6896,1
6897,2
6898,1
6899,0
6900,1
6901,2
6902,0
6903,1
6904,1
6905,4
6906,4
6907,3
6908,1
6909,3
6910,1
6911,2
6912,3
6913,2
6914,3
6915,4
6916,1
6917,4
6918,2
6919,1
6920,2
6921,2
6922,1
6923,0
6924,4
6925,3
6926,3
6927,1
6928,4
6929,3
6930,0
6931,1
6932,4
6933,0
6934,4
6935,0
6936,1
6937,3
6938,4
6939,1
6940,2
6941,1
6942,1
6943,4
6944,0
6945,0
6946,2
6947,2
6948,1
6949,3
6950,1
6951,0
6952,3
6953,2
6954,2
6955,4
6956,0
6957,0
6958,2
6959,1
6960,3
6961,3
6962,3
6963,4
6964,4
6965,4
6966,4
6967,4
6968,1
6969,4
6970,3
6971,1
6972,0
6973,2
6974,0
6975,3
6976,3
6977,1
6978,0
6979,4
6980,4
6981,4
6982,3
6983,3
6984,3
6985,4
6986,1
6987,0
6988,4
6989,3
6990,4
6991,2
6992,4
6993,0
6994,1
6995,4
6996,1
6997,2
6998,3
6999,3
7000,3
7001,3
7002,4
7003,0
7004,0
7005,4
7006,3
7007,3
7008,1
7009,0
7010,1
7011,3
7012,2
7013,0
7014,4
7015,0
7016,4
7017,2
7018,4
7019,3
7020,3
7021,3
7022,4
7023,1
7024,2
7025,2
7026,0
7027,3
7028,1
7029,3
7030,3
7031,3
7032,3
7033,0
7034,1
7035,0
7036,4
7037,0
7038,3
7039,4
7040,3
7041,0
7042,3
7043,3
7044,3
7045,0
7046,4
7047,3
7048,4
7049,2
7050,2
7051,1
7052,1
7053,3
7054,3
7055,2
7056,4
7057,4
7058,0
7059,3
7060,2
7061,1
7062,1
7063,0
7064,4
7065,2
7066,0
7067,0
7068,1
7069,4
7070,2
7071,0
7072,2
7073,0
7074,4
7075,1
7076,0
7077,2
7078,4
7079,4
7080,2
7081,0
7082,2
7083,3
7084,4
7085,2
7086,4
7087,3
7088,0
7089,4
7090,3
7091,2
7092,2
7093,2
7094,0
7095,2
7096,0
7097,0
7098,2
7099,1
7100,2
7101,4
7102,0
7103,0
7104,2
7105,3
7106,0
7107,3
7108,3
7109,0
7110,4
7111,0
7112,0
7113,0
7114,4
7115,3
7116,4
7117,4
7118,0
7119,1
7120,2
7121,3
7122,0
7123,2
7124,4
7125,0
7126,2
7127,2
7128,3
7129,3
7130,1
7131,1
7132,4
7133,0
7134,2
7135,2
7136,0
7137,3
7138,1
7139,3
7140,4
7141,2
7142,2
7143,3
7144,2
7145,4
7146,4
7147,4
7148,1
7149,4
7150,2
7151,4
7152,1
7153,0
7154,1
7155,3
7156,1
7157,2
7158,1
7159,1
7160,3
7161,2
7162,1
7163,0
7164,3
7165,2
7166,2
7167,3
7168,0
7169,3
7170,1
7171,0
7172,1
7173,4
7174,1
7175,3
7176,3
7177,3
7178,0
7179,1
7180,2
7181,0
7182,3
7183,2
7184,4
7185,1
7186,3
7187,3
7188,3
7189,3
7190,3
7191,2
7192,1
7193,4
7194,3
7195,2
7196,4
7197,2
7198,2
7199,0
7200,2
7201,1
7202,0
7203,4
7204,0
7205,4
7206,3
7207,3
7208,2
7209,0
7210,3
7211,1
7212,3
7213,0
7214,0
7215,1
7216,1
7217,2
7218,3
7219,0
7220,0
7221,3
7222,0
7223,4
7224,4
7225,4
7226,2
7227,4
7228,2
7229,4
7230,4
7231,4
7232,3
7233,1
7234,0
7235,1
7236,0
7237,3
7238,2
7239,4
7240,3
7241,3
7242,0
7243,2
7244,1
7245,1
7246,2
7247,2
7248,2
7249,0
7250,3
7251,4
7252,4
7253,0
7254,4
7255,2
7256,0
7257,4
7258,0
7259,1
7260,3
7261,1
7262,1
7263,0
7264,1
7265,1
7266,2
7267,1
7268,3
7269,1
7270,3
7271,0
7272,4
7273,1
7274,3
7275,1
7276,3
7277,0
7278,0
7279,3
7280,1
7281,1
7282,4
7283,0
7284,4
7285,4
7286,1
7287,2
7288,1
7289,1
7290,2
7291,2
7292,2
7293,4
7294,1
7295,2
7296,0
7297,0
7298,2
7299,4
7300,4
7301,3
7302,3
7303,4
7304,4
7305,4
7306,1
7307,0
7308,2
7309,3
7310,0
7311,4
7312,1
7313,3
7314,2
7315,2
7316,0
7317,3
7318,1
7319,4
7320,0
7321,2
7322,0
7323,1
7324,4
7325,4
7326,3
7327,1
7328,0
7329,0
7330,4
7331,4
7332,3
7333,3
7334,2
7335,1
7336,1
7337,1
7338,3
7339,2
7340,1
7341,1
7342,2
7343,1
7344,3
7345,3
7346,1
7347,4
7348,1
7349,1
7350,4
7351,2
7352,2
7353,2
7354,4
7355,2
7356,1
7357,0
7358,0
7359,4
7360,2
7361,1
7362,3
7363,0
7364,1
7365,0
7366,0
7367,4
7368,0
7369,0
7370,4
7371,1
7372,0
7373,1
7374,1
7375,2
7376,2
7377,0
7378,4
7379,2
7380,0
7381,2
7382,2
7383,4
7384,2
7385,3
7386,2
7387,1
7388,2
7389,1
7390,3
7391,0
7392,4
7393,0
7394,2
7395,3
7396,3
7397,0
7398,4
7399,2
7400,0
7401,2
7402,4
7403,4
7404,0
7405,3
7406,2
7407,2
7408,3
7409,2
7410,1
7411,4
7412,1
7413,4
7414,0
7415,0
7416,3
7417,4
7418,3
7419,2
7420,3
7421,2
7422,4
7423,1
7424,3
7425,0
7426,2
7427,3
7428,2
7429,0
7430,4
7431,0
7432,1
7433,2
7434,4
7435,1
7436,3
7437,3
7438,1
7439,3
7440,4
7441,2
7442,4
7443,1
7444,4
7445,4
7446,1
7447,0
7448,0
7449,2
7450,4
7451,4
7452,1
7453,0
7454,1
7455,4
7456,4
7457,0
7458,0
7459,4
7460,3
7461,3
7462,0
7463,3
7464,1
7465,0
7466,0
7467,3
7468,4
7469,3
7470,0
7471,4
7472,2
7473,2
7474,4
7475,1
7476,1
7477,1
7478,0
7479,3
7480,2
7481,0
7482,1
7483,4
7484,4
7485,4
7486,1
7487,0
7488,4
7489,0
7490,2
7491,2
7492,3
7493,4
7494,3
7495,3
7496,1
7497,0
7498,3
7499,2
7500,2
7501,0
7502,1
7503,0
7504,1
7505,2
7506,0
7507,2
7508,4
7509,3
7510,2
7511,3
7512,1
7513,0
7514,3
7515,3
7516,0
7517,0
7518,4
7519,1
7520,2
7521,2
7522,3
7523,3
7524,3
7525,0
7526,1
7527,1
7528,2
7529,0
7530,2
7531,2
7532,2
7533,2
7534,2
7535,3
7536,2
7537,3
7538,2
7539,4
7540,4
7541,2
7542,4
7543,2
7544,4
7545,3
7546,4
7547,0
7548,1
7549,3
7550,3
7551,3
7552,0
7553,0
7554,3
7555,4
7556,0
7557,4
7558,2
7559,3
7560,0
7561,3
7562,2
7563,1
7564,1
7565,2
7566,4
7567,1
7568,4
7569,2
7570,2
7571,0
7572,1
7573,4
7574,4
7575,1
7576,4
7577,0
7578,0
7579,0
7580,0
7581,4
7582,4
7583,1
7584,3
7585,0
7586,0
7587,4
7588,3
7589,2
7590,2
7591,1
7592,3
7593,2
7594,3
7595,3
7596,0
7597,1
7598,4
7599,0
7600,1
7601,0
7602,4
7603,2
7604,1
7605,2
7606,1
7607,2
7608,0
7609,0
7610,1
7611,0
7612,0
7613,1
7614,3
7615,0
7616,1
7617,0
7618,1
7619,4
7620,2
7621,2
7622,4
7623,4
7624,4
7625,2
7626,0
7627,1
7628,2
7629,3
7630,4
7631,4
7632,1
7633,4
7634,2
7635,2
7636,3
7637,1
7638,1
7639,0
7640,1
7641,2
7642,0
7643,3
7644,1
7645,4
7646,4
7647,1
7648,3
7649,2
7650,2
7651,2
7652,1
7653,0
7654,0
7655,4
7656,0
7657,0
7658,3
7659,4
7660,3
7661,3
7662,2
7663,0
7664,0
7665,3
7666,1
7667,4
7668,0
7669,2
7670,4
7671,0
7672,1
7673,3
7674,1
7675,4
7676,1
7677,4
7678,4
7679,0
7680,1
7681,0
7682,2
7683,2
7684,2
7685,4
7686,1
7687,0
7688,0
7689,4
7690,0
7691,3
7692,0
7693,3
7694,3
7695,0
7696,1
7697,2
7698,1
7699,4
7700,3
7701,1
7702,0
7703,1
7704,2
7705,1
7706,3
7707,3
7708,4
7709,2
7710,4
7711,4
7712,0
7713,1
7714,3
7715,4
7716,0
7717,3
7718,3
7719,0
7720,3
7721,4
7722,1
7723,0
7724,1
7725,3
7726,3
7727,3
7728,2
7729,1
7730,0
7731,1
7732,1
7733,3
7734,1
7735,4
7736,3
7737,1
7738,1
7739,2
7740,4
7741,0
7742,0
7743,4
7744,2
7745,2
7746,0
7747,2
7748,0
7749,2
7750,3
7751,1
7752,2
7753,3
7754,4
7755,1
7756,2
7757,3
7758,0
7759,0
7760,0
7761,3
7762,4
7763,3
7764,4
7765,2
7766,4
7767,1
7768,2
7769,1
7770,1
7771,4
7772,3
7773,1
7774,1
7775,4
7776,2
7777,2
7778,1
7779,4
7780,4
7781,1
7782,3
7783,1
7784,3
7785,3
7786,0
7787,0
7788,2
7789,2
7790,1
7791,2
7792,0
7793,3
7794,2
7795,2
7796,2
7797,0
7798,1
7799,0
7800,1
7801,3
7802,0
7803,4
7804,1
7805,1
7806,4
7807,2
7808,1
7809,3
7810,4
7811,0
7812,1
7813,2
7814,4
7815,4
7816,4
7817,3
7818,2
7819,4
7820,2
7821,3
7822,4
7823,4
7824,0
7825,0
7826,4
7827,2
7828,3
7829,4
7830,3
7831,1
7832,2
7833,4
7834,1
7835,3
7836,0
7837,0
7838,2
7839,0
7840,0
7841,4
7842,4
7843,2
7844,4
7845,2
7846,4
7847,1
7848,1
7849,4
7850,4
7851,4
7852,2
7853,3
7854,0
7855,4
7856,1
7857,4
7858,2
7859,4
7860,3
7861,2
7862,4
7863,1
7864,1
7865,1
7866,1
7867,4
7868,0
7869,0
7870,3
7871,2
7872,4
7873,0
7874,4
7875,1
7876,2
7877,1
7878,3
7879,4
7880,3
7881,1
7882,0
7883,2
7884,0
7885,4
7886,2
7887,0
7888,0
7889,1
7890,3
7891,2
7892,2
7893,1
7894,4
7895,0
7896,1
7897,4
7898,2
7899,2
7900,0
7901,3
7902,3
7903,0
7904,3
7905,4
7906,2
7907,4
7908,4
7909,4
7910,2
7911,0
7912,3
7913,4
7914,1
7915,3
7916,0
7917,4
7918,3
7919,2
7920,4
7921,0
7922,3
7923,3
7924,2
7925,4
7926,1
7927,4
7928,3
7929,0
7930,3
7931,1
7932,3
7933,1
7934,4
7935,0
7936,0
7937,0
7938,3
7939,0
7940,0
7941,3
7942,3
7943,3
7944,4
7945,2
7946,3
7947,3
7948,3
7949,2
7950,1
7951,4
7952,4
7953,3
7954,1
7955,0
7956,3
7957,0
7958,3
7959,1
7960,2
7961,2
7962,2
7963,1
7964,4
7965,3
7966,1
7967,0
7968,4
7969,4
7970,3
7971,2
7972,3
7973,1
7974,2
7975,2
7976,4
7977,2
7978,2
7979,3
7980,3
7981,1
7982,0
7983,0
7984,0
7985,2
7986,0
7987,1
7988,3
7989,3
7990,2
7991,0
7992,0
7993,1
7994,1
7995,1
7996,2
7997,2
7998,0
7999,1
8000,2
8001,1
8002,1
8003,2
8004,0
8005,1
8006,4
8007,1
8008,2
8009,1
8010,1
8011,2
8012,1
8013,2
8014,4
8015,4
8016,4
8017,1
8018,2
8019,2
8020,4
8021,1
8022,4
8023,0
8024,1
8025,3
8026,2
8027,3
8028,1
8029,2
8030,4
8031,4
8032,2
8033,3
8034,4
8035,3
8036,4
8037,4
8038,4
8039,2
8040,0
8041,2
8042,4
8043,0
8044,3
8045,4
8046,1
8047,3
8048,2
8049,0
8050,2
8051,4
8052,4
8053,0
8054,4
8055,4
8056,3
8057,1
8058,1
8059,2
8060,3
8061,4
8062,4
8063,2
8064,1
8065,2
8066,4
8067,3
8068,3
8069,1
8070,4
8071,1
8072,4
8073,4
8074,4
8075,3
8076,0
8077,0
8078,0
8079,4
8080,3
8081,3
8082,1
8083,0
8084,0
8085,2
8086,1
8087,2
8088,2
8089,2
8090,3
8091,4
8092,3
8093,4
8094,3
8095,2
8096,4
8097,1
8098,2
8099,4
8100,0
8101,4
8102,3
8103,4
8104,3
8105,1
8106,0
8107,1
8108,0
8109,1
8110,1
8111,2
8112,4
8113,2
8114,4
8115,2
8116,4
8117,3
8118,2
8119,1
8120,4
8121,2
8122,0
8123,0
8124,3
8125,1
8126,4
8127,3
8128,1
8129,0
8130,3
8131,0
8132,1
8133,4
8134,0
8135,1
8136,3
8137,4
8138,0
8139,2
8140,0
8141,3
8142,1
8143,1
8144,1
8145,3
8146,3
8147,0
8148,4
8149,4
8150,4
8151,3
8152,3
8153,0
8154,2
8155,0
8156,3
8157,1
8158,3
8159,0
8160,3
8161,3
8162,3
8163,3
8164,4
8165,3
8166,1
8167,0
8168,4
8169,3
8170,1
8171,2
8172,1
8173,1
8174,4
8175,0
8176,2
8177,0
8178,1
8179,4
8180,4
8181,2
8182,2
8183,1
8184,1
8185,3
8186,0
8187,2
8188,0
8189,3
8190,3
8191,0
8192,4
8193,0
8194,1
8195,0
8196,0
8197,1
8198,1
8199,1
8200,1
8201,4
8202,4
8203,3
8204,3
8205,2
8206,4
8207,3
8208,2
8209,1
8210,4
8211,0
8212,3
8213,2
8214,0
8215,1
8216,2
8217,1
8218,4
8219,3
8220,3
8221,0
8222,0
8223,3
8224,4
8225,4
8226,2
8227,4
8228,4
8229,2
8230,1
8231,4
8232,3
8233,0
8234,1
8235,2
8236,1
8237,2
8238,0
8239,1
8240,4
8241,1
8242,0
8243,1
8244,3
8245,4
8246,0
8247,1
8248,3
8249,4
8250,3
8251,0
8252,4
8253,0
8254,2
8255,0
8256,2
8257,2
8258,4
8259,0
8260,4
8261,2
8262,0
8263,1
8264,2
8265,1
8266,3
8267,4
8268,2
8269,3
8270,1
8271,3
8272,0
8273,3
8274,0
8275,2
8276,2
8277,2
8278,1
8279,3
8280,3
8281,4
8282,1
8283,2
8284,3
8285,4
8286,4
8287,4
8288,3
8289,1
8290,2
8291,0
8292,4
8293,0
8294,0
8295,2
8296,3
8297,4
8298,4
8299,0
8300,1
8301,2
8302,1
8303,1
8304,2
8305,1
8306,1
8307,2
8308,2
8309,0
8310,0
8311,2
8312,1
8313,1
8314,1
8315,1
8316,1
8317,4
8318,3
8319,3
8320,1
8321,0
8322,4
8323,0
8324,2
8325,1
8326,2
8327,0
8328,3
8329,1
8330,4
8331,1
8332,0
8333,0
8334,2
8335,3
8336,0
8337,2
8338,3
8339,1
8340,0
8341,2
8342,2
8343,0
8344,0
8345,3
8346,3
8347,0
8348,1
8349,1
8350,1
8351,1
8352,0
8353,1
8354,4
8355,1
8356,1
8357,4
8358,1
8359,1
8360,0
8361,1
8362,4
8363,4
8364,3
8365,0
8366,1
8367,3
8368,3
8369,3
8370,4
8371,2
8372,1
8373,0
8374,2
8375,2
8376,3
8377,2
8378,4
8379,1
8380,0
8381,1
8382,4
8383,4
8384,3
8385,4
8386,0
8387,1
8388,2
8389,3
8390,1
8391,4
8392,2
8393,2
8394,4
8395,0
8396,3
8397,0
8398,0
8399,0
8400,3
8401,4
8402,0
8403,3
8404,0
8405,3
8406,2
8407,4
8408,2
8409,3
8410,2
8411,1
8412,3
8413,4
8414,0
8415,3
8416,2
8417,4
8418,1
8419,2
8420,3
8421,1
8422,4
8423,3
8424,3
8425,3
8426,4
8427,1
8428,3
8429,1
8430,3
8431,3
8432,0
8433,0
8434,0
8435,1
8436,1
8437,2
8438,0
8439,1
8440,3
8441,3
8442,2
8443,0
8444,2
8445,0
8446,0
8447,0
8448,4
8449,1
8450,3
8451,0
8452,0
8453,2
8454,1
8455,1
8456,1
8457,4
8458,1
8459,4
8460,4
8461,0
8462,2
8463,0
8464,0
8465,4
8466,0
8467,1
8468,2
8469,4
8470,0
8471,2
8472,3
8473,4
8474,2
8475,3
8476,3
8477,4
8478,3
8479,2
8480,0
8481,3
8482,1
8483,0
8484,3
8485,0
8486,0
8487,2
8488,0
8489,1
8490,3
8491,0
8492,1
8493,0
8494,4
8495,2
8496,1
8497,1
8498,3
8499,0
8500,0
8501,4
8502,4
8503,2
8504,3
8505,3
8506,1
8507,0
8508,2
8509,2
8510,1
8511,3
8512,3
8513,4
8514,1
8515,3
8516,4
8517,2
8518,0
8519,2
8520,1
8521,2
8522,0
8523,0
8524,0
8525,1
8526,4
8527,1
8528,3
8529,3
8530,4
8531,4
8532,1
8533,3
8534,3
8535,1
8536,4
8537,2
8538,2
8539,2
8540,4
8541,2
8542,1
8543,4
8544,3
8545,1
8546,0
8547,1
8548,4
8549,4
8550,1
8551,2
8552,2
8553,1
8554,1
8555,1
8556,3
8557,1
8558,4
8559,3
8560,3
8561,1
8562,4
8563,4
8564,4
8565,4
8566,1
8567,0
8568,0
8569,0
8570,0
8571,3
8572,2
8573,3
8574,2
8575,3
8576,1
8577,4
8578,3
8579,0
8580,4
8581,2
8582,1
8583,3
8584,0
8585,3
8586,4
8587,1
8588,4
8589,2
8590,0
8591,2
8592,2
8593,3
8594,4
8595,3
8596,3
8597,4
8598,2
8599,4
8600,2
8601,3
8602,3
8603,2
8604,0
8605,1
8606,0
8607,3
8608,1
8609,2
8610,0
8611,1
8612,3
8613,4
8614,1
8615,2
8616,3
8617,0
8618,0
8619,3
8620,1
8621,3
8622,3
8623,1
8624,4
8625,3
8626,3
8627,0
8628,4
8629,0
8630,0
8631,0
8632,0
8633,0
8634,0
8635,0
8636,0
8637,1
8638,0
8639,4
8640,1
8641,3
8642,0
8643,3
8644,4
8645,3
8646,1
8647,4
8648,4
8649,2
8650,4
8651,4
8652,0
8653,0
8654,1
8655,4
8656,3
8657,1
8658,0
8659,4
8660,0
8661,1
8662,3
8663,3
8664,4
8665,1
8666,0
8667,1
8668,4
8669,3
8670,3
8671,2
8672,1
8673,2
8674,4
8675,4
8676,3
8677,2
8678,4
8679,2
8680,2
8681,4
8682,1
8683,4
8684,3
8685,1
8686,1
8687,2
8688,0
8689,2
8690,3
8691,1
8692,4
8693,2
8694,4
8695,0
8696,4
8697,3
8698,3
8699,4
8700,0
8701,4
8702,3
8703,0
8704,2
8705,4
8706,2
8707,1
8708,3
8709,2
8710,0
8711,0
8712,2
8713,2
8714,3
8715,4
8716,3
8717,3
8718,1
8719,0
8720,2
8721,4
8722,3
8723,2
8724,2
8725,2
8726,2
8727,3
8728,4
8729,0
8730,4
8731,1
8732,4
8733,1
8734,1
8735,2
8736,4
8737,3
8738,3
8739,4
8740,0
8741,4
8742,0
8743,2
8744,3
8745,1
8746,4
8747,4
8748,2
8749,4
8750,4
8751,2
8752,0
8753,1
8754,3
8755,0
8756,0
8757,3
8758,1
8759,2
8760,3
8761,4
8762,2
8763,3
8764,3
8765,0
8766,4
8767,0
8768,1
8769,0
8770,3
8771,0
8772,3
8773,0
8774,4
8775,2
8776,3
8777,0
8778,4
8779,4
8780,2
8781,3
8782,2
8783,2
8784,4
8785,4
8786,1
8787,3
8788,4
8789,3
8790,3
8791,1
8792,2
8793,2
8794,4
8795,3
8796,0
8797,3
8798,3
8799,4
8800,3
8801,1
8802,3
8803,3
8804,1
8805,0
8806,2
8807,4
8808,4
8809,2
8810,1
8811,2
8812,1
8813,0
8814,4
8815,1
8816,4
8817,0
8818,1
8819,2
8820,1
8821,4
8822,0
8823,4
8824,0
8825,3
8826,2
8827,0
8828,2
8829,1
8830,0
8831,2
8832,0
8833,1
8834,0
8835,2
8836,3
8837,3
8838,1
8839,0
8840,0
8841,4
8842,4
8843,0
8844,0
8845,1
8846,1
8847,1
8848,0
8849,3
8850,1
8851,0
8852,1
8853,3
8854,2
8855,2
8856,1
8857,0
8858,3
8859,1
8860,3
8861,4
8862,2
8863,1
8864,3
8865,0
8866,1
8867,3
8868,3
8869,3
8870,2
8871,1
8872,1
8873,4
8874,4
8875,4
8876,4
8877,1
8878,0
8879,0
8880,2
8881,0
8882,3
8883,1
8884,0
8885,4
8886,0
8887,3
8888,2
8889,3
8890,2
8891,0
8892,2
8893,0
8894,2
8895,0
8896,3
8897,1
8898,1
8899,4
8900,1
8901,0
8902,2
8903,2
8904,1
8905,1
8906,0
8907,3
8908,0
8909,4
8910,3
8911,4
8912,0
8913,4
8914,1
8915,2
8916,0
8917,3
8918,4
8919,0
8920,2
8921,3
8922,4
8923,2
8924,2
8925,0
8926,0
8927,2
8928,0
8929,3
8930,0
8931,3
8932,0
8933,3
8934,2
8935,3
8936,4
8937,1
8938,0
8939,3
8940,3
8941,0
8942,1
8943,1
8944,3
8945,4
8946,2
8947,0
8948,3
8949,4
8950,4
8951,2
8952,2
8953,0
8954,4
8955,0
8956,3
8957,1
8958,3
8959,1
8960,3
8961,1
8962,1
8963,2
8964,0
8965,2
8966,2
8967,0
8968,0
8969,4
8970,2
8971,1
8972,2
8973,1
8974,4
8975,1
8976,3
8977,2
8978,0
8979,1
8980,2
8981,0
8982,3
8983,3
8984,4
8985,4
8986,1
8987,2
8988,1
8989,1
8990,2
8991,1
8992,1
8993,1
8994,2
8995,0
8996,4
8997,2
8998,3
8999,3
9000,1
9001,2
9002,2
9003,2
9004,1
9005,1
9006,4
9007,1
9008,4
9009,2
9010,0
9011,2
9012,3
9013,0
9014,3
9015,3
9016,3
9017,0
9018,3
9019,0
9020,0
9021,2
9022,2
9023,1
9024,2
9025,3
9026,0
9027,4
9028,4
9029,3
9030,2
9031,4
9032,0
9033,4
9034,0
9035,0
9036,2
9037,2
9038,2
9039,0
9040,0
9041,4
9042,3
9043,0
9044,3
9045,2
9046,0
9047,2
9048,4
9049,4
9050,1
9051,3
9052,4
9053,1
9054,0
9055,2
9056,4
9057,0
9058,4
9059,3
9060,2
9061,0
9062,3
9063,4
9064,1
9065,2
9066,3
9067,0
9068,3
9069,3
9070,1
9071,2
9072,2
9073,4
9074,3
9075,0
9076,3
9077,4
9078,3
9079,2
9080,0
9081,2
9082,0
9083,0
9084,0
9085,0
9086,2
9087,3
9088,2
9089,0
9090,2
9091,2
9092,3
9093,1
9094,4
9095,2
9096,4
9097,3
9098,4
9099,4
9100,2
9101,2
9102,2
9103,3
9104,3
9105,0
9106,1
9107,0
9108,1
9109,2
9110,1
9111,0
9112,1
9113,3
9114,4
9115,2
9116,3
9117,3
9118,4
9119,0
9120,3
9121,2
9122,0
9123,3
9124,0
9125,4
9126,3
9127,1
9128,0
9129,2
9130,4
9131,0
9132,0
9133,1
9134,4
9135,0
9136,0
9137,2
9138,1
9139,1
9140,1
9141,4
9142,2
9143,2
9144,4
9145,4
9146,0
9147,3
9148,3
9149,3
9150,2
9151,2
9152,3
9153,1
9154,2
9155,2
9156,0
9157,4
9158,3
9159,0
9160,4
9161,4
9162,0
9163,1
9164,3
9165,0
9166,1
9167,1
9168,0
9169,3
9170,1
9171,2
9172,2
9173,3
9174,1
9175,3
9176,1
9177,2
9178,0
9179,1
9180,2
9181,2
9182,3
9183,3
9184,1
9185,0
9186,4
9187,4
9188,3
9189,1
9190,0
9191,1
9192,4
9193,4
9194,4
9195,4
9196,2
9197,4
9198,2
9199,3
9200,1
9201,3
9202,3
9203,3
9204,0
9205,1
9206,3
9207,0
9208,4
9209,3
9210,4
9211,4
9212,0
9213,1
9214,4
9215,4
9216,2
9217,2
9218,0
9219,4
9220,4
9221,1
9222,3
9223,3
9224,3
9225,3
9226,2
9227,0
9228,1
9229,4
9230,3
9231,2
9232,0
9233,0
9234,4
9235,3
9236,2
9237,0
9238,3
9239,0
9240,3
9241,1
9242,4
9243,0
9244,0
9245,3
9246,1
9247,1
9248,4
9249,4
9250,2
9251,4
9252,4
9253,2
9254,3
9255,0
9256,2
9257,2
9258,0
9259,1
9260,4
9261,0
9262,1
9263,2
9264,4
9265,2
9266,3
9267,1
9268,2
9269,0
9270,1
9271,0
9272,3
9273,0
9274,4
9275,1
9276,2
9277,1
9278,3
9279,0
9280,4
9281,0
9282,0
9283,3
9284,2
9285,0
9286,0
9287,0
9288,4
9289,4
9290,2
9291,1
9292,1
9293,3
9294,4
9295,4
9296,4
9297,2
9298,1
9299,0
9300,1
9301,1
9302,1
9303,0
9304,2
9305,0
9306,0
9307,0
9308,2
9309,4
9310,1
9311,3
9312,1
9313,0
9314,0
9315,3
9316,2
9317,4
9318,0
9319,2
9320,1
9321,1
9322,3
9323,3
9324,4
9325,3
9326,0
9327,4
9328,4
9329,2
9330,4
9331,1
9332,1
9333,2
9334,0
9335,3
9336,0
9337,4
9338,1
9339,0
9340,1
9341,2
9342,3
9343,1
9344,4
9345,2
9346,0
9347,2
9348,1
9349,1
9350,0
9351,1
9352,4
9353,2
9354,0
9355,4
9356,3
9357,1
9358,3
9359,4
9360,0
9361,2
9362,0
9363,3
9364,3
9365,1
9366,0
9367,0
9368,4
9369,2
9370,0
9371,3
9372,4
9373,2
9374,3
9375,1
9376,3
9377,0
9378,2
9379,2
9380,0
9381,4
9382,1
9383,1
9384,0
9385,4
9386,4
9387,4
9388,0
9389,0
9390,4
9391,2
9392,1
9393,1
9394,3
9395,4
9396,1
9397,4
9398,4
9399,0
9400,2
9401,2
9402,4
9403,0
9404,3
9405,4
9406,3
9407,0
9408,3
9409,0
9410,3
9411,1
9412,1
9413,2
9414,2
9415,3
9416,0
9417,2
9418,4
9419,0
9420,1
9421,3
9422,2
9423,3
9424,0
9425,1
9426,4
9427,3
9428,3
9429,0
9430,2
9431,3
9432,0
9433,1
9434,2
9435,4
9436,0
9437,2
9438,1
9439,4
9440,3
9441,1
9442,4
9443,0
9444,0
9445,4
9446,3
9447,1
9448,0
9449,3
9450,4
9451,4
9452,1
9453,4
9454,0
9455,0
9456,3
9457,1
9458,1
9459,3
9460,3
9461,3
9462,2
9463,3
9464,1
9465,4
9466,4
9467,2
9468,4
9469,1
9470,2
9471,1
9472,3
9473,4
9474,1
9475,3
9476,1
9477,1
9478,2
9479,1
9480,4
9481,4
9482,1
9483,2
9484,0
9485,4
9486,3
9487,4
9488,0
9489,1
9490,0
9491,4
9492,3
9493,4
9494,1
9495,4
9496,0
9497,1
9498,2
9499,0
9500,3
9501,4
9502,4
9503,2
9504,2
9505,1
9506,0
9507,3
9508,1
9509,3
9510,0
9511,2
9512,0
9513,1
9514,1
9515,2
9516,0
9517,1
9518,0
9519,2
9520,3
9521,4
9522,1
9523,4
9524,2
9525,1
9526,0
9527,0
9528,2
9529,1
9530,1
9531,0
9532,2
9533,2
9534,2
9535,1
9536,3
9537,3
9538,1
9539,0
9540,0
9541,2
9542,2
9543,0
9544,2
9545,3
9546,2
9547,2
9548,2
9549,4
9550,3
9551,1
9552,3
9553,3
9554,3
9555,1
9556,3
9557,2
9558,3
9559,3
9560,0
9561,0
9562,3
9563,2
9564,0
9565,4
9566,3
9567,1
9568,1
9569,3
9570,1
9571,1
9572,4
9573,0
9574,0
9575,4
9576,1
9577,0
9578,1
9579,3
9580,0
9581,0
9582,4
9583,2
9584,4
9585,3
9586,4
9587,0
9588,1
9589,4
9590,0
9591,2
9592,3
9593,2
9594,3
9595,4
9596,3
9597,1
9598,4
9599,2
9600,4
9601,4
9602,0
9603,4
9604,2
9605,1
9606,3
9607,4
9608,1
9609,0
9610,3
9611,0
9612,2
9613,3
9614,0
9615,1
9616,0
9617,0
9618,1
9619,1
9620,0
9621,1
9622,0
9623,1
9624,2
9625,3
9626,0
9627,4
9628,3
9629,4
9630,4
9631,0
9632,1
9633,1
9634,3
9635,3
9636,4
9637,2
9638,0
9639,3
9640,0
9641,4
9642,1
9643,0
9644,1
9645,2
9646,2
9647,4
9648,1
9649,2
9650,1
9651,1
9652,1
9653,3
9654,1
9655,0
9656,1
9657,1
9658,1
9659,4
9660,1
9661,0
9662,1
9663,2
9664,4
9665,4
9666,3
9667,2
9668,1
9669,3
9670,4
9671,3
9672,1
9673,0
9674,4
9675,4
9676,0
9677,0
9678,3
9679,1
9680,4
9681,3
9682,0
9683,2
9684,3
9685,2
9686,3
9687,2
9688,3
9689,2
9690,2
9691,4
9692,3
9693,3
9694,3
9695,2
9696,0
9697,3
9698,4
9699,2
9700,4
9701,2
9702,1
9703,3
9704,2
9705,2
9706,3
9707,3
9708,0
9709,4
9710,1
9711,1
9712,1
9713,2
9714,2
9715,2
9716,0
9717,1
9718,3
9719,4
9720,0
9721,1
9722,2
9723,1
9724,4
9725,3
9726,1
9727,0
9728,4
9729,2
9730,2
9731,4
9732,0
9733,3
9734,4
9735,1
9736,2
9737,4
9738,0
9739,1
9740,4
9741,1
9742,0
9743,2
9744,0
9745,2
9746,4
9747,1
9748,4
9749,0
9750,1
9751,0
9752,1
9753,0
9754,4
9755,4
9756,3
9757,0
9758,2
9759,3
9760,4
9761,0
9762,1
9763,2
9764,0
9765,3
9766,1
9767,1
9768,3
9769,0
9770,2
9771,2
9772,2
9773,4
9774,1
9775,1
9776,4
9777,3
9778,3
9779,1
9780,4
9781,2
9782,2
9783,2
9784,4
9785,0
9786,3
9787,0
9788,0
9789,2
9790,1
9791,3
9792,2
9793,2
9794,4
9795,3
9796,4
9797,4
9798,3
9799,3
9800,0
9801,2
9802,3
9803,1
9804,3
9805,0
9806,2
9807,3
9808,2
9809,4
9810,1
9811,2
9812,2
9813,3
9814,2
9815,1
9816,0
9817,1
9818,1
9819,0
9820,3
9821,1
9822,2
9823,4
9824,3
9825,3
9826,0
9827,3
9828,0
9829,0
9830,4
9831,3
9832,1
9833,0
9834,0
9835,0
9836,4
9837,1
9838,4
9839,2
9840,4
9841,1
9842,3
9843,2
9844,0
9845,2
9846,2
9847,0
9848,3
9849,2
9850,3
9851,2
9852,4
9853,0
9854,4
9855,4
9856,0
9857,2
9858,3
9859,1
9860,0
9861,3
9862,1
9863,1
9864,4
9865,3
9866,1
9867,0
9868,3
9869,1
9870,3
9871,2
9872,0
9873,0
9874,0
9875,1
9876,2
9877,4
9878,3
9879,3
9880,3
9881,3
9882,0
9883,4
9884,3
9885,3
9886,4
9887,4
9888,1
9889,4
9890,3
9891,1
9892,4
9893,0
9894,1
9895,1
9896,2
9897,0
9898,0
9899,4
9900,0
9901,1
9902,1
9903,4
9904,2
9905,4
9906,0
9907,0
9908,2
9909,2
9910,2
9911,0
9912,3
9913,0
9914,2
9915,1
9916,4
9917,4
9918,4
9919,1
9920,3
9921,3
9922,0
9923,3
9924,2
9925,0
9926,3
9927,1
9928,1
9929,1
9930,3
9931,4
9932,4
9933,4
9934,4
9935,4
9936,4
9937,2
9938,1
9939,2
9940,2
9941,1
9942,4
9943,4
9944,3
9945,1
9946,0
9947,4
9948,3
9949,3
9950,2
9951,1
9952,2
9953,2
9954,0
9955,3
9956,1
9957,1
9958,0
9959,3
9960,4
9961,1
9962,4
9963,3
9964,3
9965,1
9966,3
9967,4
9968,1
9969,3
9970,4
9971,3
9972,3
9973,2
9974,2
9975,1
9976,2
9977,1
9978,0
9979,3
9980,2
9981,3
9982,0
9983,1
9984,3
9985,2
9986,3
9987,0
9988,0
9989,4
9990,3
9991,4
9992,1
9993,1
9994,4
9995,4
9996,1
9997,2
9998,2
9999,2
10000,3
10001,0
10002,1
10003,1
10004,3
10005,3
10006,3
10007,0
10008,3
10009,2
10010,4
10011,0
10012,1
10013,0
10014,3
10015,0
10016,1
10017,2
10018,1
10019,2
10020,3
10021,2
10022,2
10023,2
10024,2
10025,0
10026,0
10027,4
10028,1
10029,4
10030,0
10031,4
10032,0
10033,1
10034,3
10035,2
10036,3
10037,3
10038,0
10039,0
10040,2
10041,1
10042,2
10043,4
10044,1
10045,2
10046,4
10047,2
10048,2
10049,3
10050,2
10051,2
10052,4
10053,1
10054,0
10055,1
10056,3
10057,0
10058,1
10059,2
10060,2
10061,2
10062,4
10063,4
10064,3
10065,3
10066,4
10067,2
10068,4
10069,3
10070,1
10071,2
10072,2
10073,1
10074,0
10075,4
10076,4
10077,0
10078,0
10079,4
10080,4
10081,4
10082,3
10083,3
10084,4
10085,3
10086,3
10087,4
10088,4
10089,2
10090,0
10091,4
10092,4
10093,4
10094,0
10095,4
10096,0
10097,3
10098,4
10099,3
10100,2
10101,3
10102,1
10103,3
10104,1
10105,1
10106,1
10107,3
10108,2
10109,1
10110,2
10111,0
10112,0
10113,4
10114,1
10115,1
10116,2
10117,3
10118,4
10119,0
10120,3
10121,2
10122,4
10123,3
10124,1
10125,1
10126,1
10127,4
10128,4
10129,3
10130,2
10131,4
10132,4
10133,4
10134,2
10135,0
10136,0
10137,3
10138,2
10139,3
10140,3
10141,3
10142,1
10143,3
10144,1
10145,1
10146,3
10147,3
10148,0
10149,2
10150,2
10151,3
10152,0
10153,1
10154,0
10155,1
10156,0
10157,1
10158,0
10159,4
10160,4
10161,1
10162,2
10163,4
10164,1
10165,4
10166,2
10167,2
10168,1
10169,1
10170,4
10171,3
10172,3
10173,0
10174,0
10175,4
10176,4
10177,0
10178,1
10179,2
10180,0
10181,0
10182,1
10183,2
10184,1
10185,1
10186,2
10187,1
10188,4
10189,1
10190,0
10191,0
10192,2
10193,3
10194,3
10195,2
10196,2
10197,1
10198,2
10199,0
10200,4
10201,2
10202,2
10203,3
10204,2
10205,0
10206,4
10207,2
10208,0
10209,0
10210,4
10211,4
10212,3
10213,2
10214,3
10215,2
10216,1
10217,2
10218,3
10219,3
10220,0
10221,1
10222,1
10223,1
10224,0
10225,1
10226,4
10227,0
10228,2
10229,1
10230,0
10231,0
10232,2
10233,4
10234,0
10235,1
10236,3
10237,2
10238,3
10239,0
10240,0
10241,0
10242,0
10243,4
10244,2
10245,1
10246,3
10247,4
10248,2
10249,3
10250,0
10251,3
10252,4
10253,2
10254,0
10255,2
10256,3
10257,2
10258,0
10259,4
10260,2
10261,0
10262,3
10263,2
10264,2
10265,4
10266,2
10267,3
10268,1
10269,1
10270,2
10271,1
10272,0
10273,0
10274,2
10275,3
10276,0
10277,1
10278,4
10279,0
10280,4
10281,3
10282,1
10283,0
10284,3
10285,2
10286,1
10287,4
10288,1
10289,0
10290,1
10291,4
10292,3
10293,2
10294,2
10295,4
10296,0
10297,0
10298,4
10299,0
10300,0
10301,4
10302,0
10303,4
10304,3
10305,4
10306,3
10307,3
10308,3
10309,1
10310,1
10311,2
10312,4
10313,3
10314,1
10315,2
10316,2
10317,2
10318,4
10319,3
10320,3
10321,3
10322,1
10323,0
10324,0
10325,3
10326,2
10327,1
10328,4
10329,3
10330,0
10331,1
10332,4
10333,0
10334,0
10335,1
10336,3
10337,3
10338,3
10339,1
10340,4
10341,1
10342,1
10343,1
10344,3
10345,1
10346,2
10347,4
10348,3
10349,3
10350,4
10351,4
10352,4
10353,1
10354,3
10355,0
10356,0
10357,2
10358,3
10359,3
10360,4
10361,3
10362,1
10363,4
10364,2
10365,1
10366,2
10367,1
10368,4
10369,4
10370,0
10371,1
10372,0
10373,4
10374,3
10375,4
10376,0
10377,2
10378,4
10379,2
10380,0
10381,0
10382,4
10383,1
10384,0
10385,3
10386,4
10387,2
10388,3
10389,0
10390,4
10391,4
10392,0
10393,0
10394,1
10395,1
10396,1
10397,2
10398,0
10399,0
10400,1
10401,2
10402,0
10403,2
10404,4
10405,1
10406,4
10407,0
10408,4
10409,4
10410,0
10411,4
10412,4
10413,3
10414,3
10415,4
10416,3
10417,4
10418,3
10419,3
10420,2
10421,1
10422,1
10423,0
10424,1
10425,2
10426,4
10427,3
10428,0
10429,1
10430,3
10431,1
10432,2
10433,2
10434,0
10435,3
10436,0
10437,3
10438,0
10439,4
10440,1
10441,0
10442,0
10443,1
10444,3
10445,1
10446,3
10447,3
10448,0
10449,4
10450,3
10451,2
10452,3
10453,3
10454,0
10455,2
10456,1
10457,1
10458,1
10459,3
10460,2
10461,4
10462,2
10463,0
10464,4
10465,4
10466,3
10467,2
10468,2
10469,2
10470,2
10471,1
10472,2
10473,3
10474,4
10475,4
10476,2
10477,2
10478,1
10479,2
10480,4
10481,3
10482,4
10483,1
10484,4
10485,2
10486,1
10487,3
10488,1
10489,3
10490,1
10491,3
10492,2
10493,3
10494,2
10495,3
10496,0
10497,3
10498,1
10499,2
10500,3
10501,1
10502,4
10503,3
10504,2
10505,1
10506,3
10507,2
10508,0
10509,3
10510,0
10511,3
10512,1
10513,4
10514,3
10515,4
10516,1
10517,2
10518,4
10519,1
10520,1
10521,0
10522,1
10523,3
10524,0
10525,4
10526,2
10527,1
10528,4
10529,1
10530,0
10531,2
10532,0
10533,3
10534,0
10535,1
10536,2
10537,0
10538,4
10539,1
10540,3
10541,2
10542,2
10543,2
10544,0
10545,0
10546,1
10547,4
10548,0
10549,1
10550,0
10551,3
10552,3
10553,4
10554,4
10555,3
10556,3
10557,1
10558,2
10559,4
10560,4
10561,3
10562,3
10563,2
10564,2
10565,3
10566,3
10567,4
10568,2
10569,1
10570,0
10571,3
10572,0
10573,3
10574,0
10575,1
10576,4
10577,4
10578,3
10579,1
10580,1
10581,3
10582,1
10583,3
10584,1
10585,4
10586,4
10587,0
10588,0
10589,0
10590,0
10591,3
10592,1
10593,0
10594,4
10595,3
10596,0
10597,2
10598,0
10599,1
10600,0
10601,0
10602,1
10603,4
10604,3
10605,4
10606,3
10607,2
10608,2
10609,0
10610,0
10611,1
10612,4
10613,3
10614,4
10615,4
10616,0
10617,4
10618,3
10619,1
10620,4
10621,4
10622,0
10623,1
10624,4
10625,2
10626,2
10627,1
10628,0
10629,3
10630,2
10631,0
10632,1
10633,0
10634,1
10635,3
10636,1
10637,2
10638,2
10639,0
10640,1
10641,4
10642,2
10643,3
10644,1
10645,3
10646,1
10647,0
10648,3
10649,3
10650,3
10651,1
10652,2
10653,1
10654,1
10655,1
10656,2
10657,1
10658,3
10659,3
10660,2
10661,2
10662,2
10663,2
10664,1
10665,0
10666,3
10667,4
10668,0
10669,1
10670,1
10671,3
10672,0
10673,3
10674,0
10675,1
10676,2
10677,2
10678,2
10679,4
10680,4
10681,0
10682,2
10683,0
10684,2
10685,1
10686,1
10687,1
10688,3
10689,1
10690,0
10691,2
10692,3
10693,4
10694,0
10695,2
10696,2
10697,1
10698,4
10699,0
10700,4
10701,2
10702,4
10703,4
10704,4
10705,2
10706,4
10707,4
10708,3
10709,1
10710,2
10711,4
10712,2
10713,4
10714,3
10715,0
10716,4
10717,3
10718,0
10719,3
10720,4
10721,1
10722,0
10723,4
10724,2
10725,3
10726,2
10727,2
10728,3
10729,4
10730,3
10731,4
10732,2
10733,3
10734,1
10735,2
10736,1
10737,3
10738,3
10739,3
10740,0
10741,4
10742,4
10743,0
10744,1
10745,2
10746,4
10747,3
10748,2
10749,3
10750,0
10751,0
10752,3
10753,1
10754,0
10755,1
10756,1
10757,0
10758,0
10759,2
10760,0
10761,1
10762,4
10763,2
10764,2
10765,0
10766,3
10767,2
10768,0
10769,3
10770,3
10771,1
10772,1
10773,3
10774,2
10775,1
10776,1
10777,0
10778,1
10779,4
10780,4
10781,3
10782,4
10783,0
10784,4
10785,3
10786,3
10787,0
10788,4
10789,0
10790,0
10791,2
10792,1
10793,2
10794,3
10795,4
10796,3
10797,3
10798,4
10799,4
10800,3
10801,3
10802,4
10803,2
10804,0
10805,3
10806,1
10807,0
10808,0
10809,2
10810,4
10811,2
10812,3
10813,1
10814,2
10815,3
10816,0
10817,2
10818,1
10819,4
10820,4
10821,3
10822,3
10823,2
10824,1
10825,1
10826,0
10827,0
10828,0
10829,4
10830,0
10831,0
10832,0
10833,0
10834,2
10835,0
10836,1
10837,2
10838,4
10839,0
10840,0
10841,2
10842,0
10843,2
10844,4
10845,3
10846,3
10847,2
10848,1
10849,2
10850,0
10851,4
10852,4
10853,2
10854,2
10855,2
10856,3
10857,4
10858,2
10859,3
10860,1
10861,4
10862,0
10863,4
10864,4
10865,2
10866,0
10867,1
10868,3
10869,3
10870,0
10871,1
10872,0
10873,3
10874,2
10875,2
10876,4
10877,4
10878,0
10879,1
10880,4
10881,4
10882,2
10883,4
10884,4
10885,3
10886,4
10887,2
10888,0
10889,3
10890,0
10891,1
10892,3
10893,3
10894,3
10895,1
10896,1
10897,3
10898,3
10899,4
10900,3
10901,3
10902,0
10903,1
10904,1
10905,4
10906,1
10907,1
10908,0
10909,4
10910,1
10911,0
10912,1
10913,4
10914,4
10915,1
10916,3
10917,0
10918,3
10919,2
10920,1
10921,0
10922,0
10923,0
10924,3
10925,2
10926,1
10927,1
10928,3
10929,0
10930,1
10931,4
10932,4
10933,3
10934,2
10935,1
10936,3
10937,2
10938,0
10939,1
10940,2
10941,1
10942,3
10943,4
10944,3
10945,0
10946,1
10947,0
10948,3
10949,4
10950,4
10951,0
10952,2
10953,0
10954,2
10955,0
10956,0
10957,2
10958,0
10959,0
10960,2
10961,1
10962,1
10963,4
10964,0
10965,3
10966,4
10967,1
10968,2
10969,0
10970,2
10971,4
10972,0
10973,3
10974,3
10975,1
10976,1
10977,2
10978,3
10979,1
10980,3
10981,2
10982,0
10983,3
10984,3
10985,2
10986,1
10987,3
10988,3
10989,1
10990,1
10991,2
10992,0
10993,0
10994,4
10995,3
10996,1
10997,3
10998,4
10999,2
11000,0
11001,3
11002,1
11003,3
11004,4
11005,0
11006,3
11007,0
11008,2
11009,0
11010,4
11011,0
11012,1
11013,0
11014,4
11015,1
11016,1
11017,1
11018,2
11019,4
11020,2
11021,0
11022,1
11023,2
11024,2
11025,3
11026,4
11027,0
11028,2
11029,3
11030,4
11031,3
11032,1
11033,1
11034,2
11035,0
11036,2
11037,0
11038,2
11039,4
11040,0
11041,0
11042,2
11043,4
11044,0
11045,1
11046,2
11047,1
11048,1
11049,2
11050,1
11051,1
11052,3
11053,2
11054,2
11055,2
11056,3
11057,0
11058,1
11059,3
11060,4
11061,3
11062,2
11063,3
11064,3
11065,1
11066,0
11067,0
11068,4
11069,1
11070,2
11071,3
11072,3
11073,3
11074,2
11075,3
11076,4
11077,2
11078,4
11079,0
11080,1
11081,0
11082,4
11083,1
11084,4
11085,4
11086,2
11087,0
11088,0
11089,0
11090,3
11091,0
11092,1
11093,3
11094,3
11095,4
11096,3
11097,1
11098,0
11099,0
11100,1
11101,1
11102,1
11103,4
11104,3
11105,0
11106,0
11107,1
11108,3
11109,1
11110,1
11111,1
11112,4
11113,0
11114,2
11115,4
11116,0
11117,4
11118,4
11119,4
11120,1
11121,0
11122,0
11123,3
11124,3
11125,0
11126,1
11127,1
11128,4
11129,4
11130,1
11131,2
11132,2
11133,0
11134,4
11135,4
11136,0
11137,3
11138,0
11139,4
11140,0
11141,1
11142,0
11143,1
11144,4
11145,1
11146,2
11147,0
11148,1
11149,0
11150,1
11151,0
11152,4
11153,2
11154,4
11155,1
11156,2
11157,4
11158,0
11159,2
11160,2
11161,4
11162,3
11163,1
11164,2
11165,1
11166,2
11167,4
11168,3
11169,1
11170,1
11171,3
11172,0
11173,3
11174,3
11175,3
11176,4
11177,2
11178,4
11179,1
11180,4
11181,4
11182,3
11183,4
11184,0
11185,3
11186,1
11187,2
11188,0
11189,1
11190,0
11191,0
11192,0
11193,2
11194,1
11195,3
11196,1
11197,3
11198,4
11199,0
11200,4
11201,0
11202,0
11203,3
11204,3
11205,3
11206,0
11207,4
11208,1
11209,2
11210,2
11211,2
11212,4
11213,3
11214,3
11215,1
11216,2
11217,2
11218,0
11219,2
11220,3
11221,0
11222,1
11223,1
11224,1
11225,0
11226,3
11227,2
11228,2
11229,4
11230,4
11231,3
11232,0
11233,0
11234,1
11235,1
11236,0
11237,1
11238,4
11239,0
11240,1
11241,1
11242,2
11243,3
11244,4
11245,1
11246,0
11247,3
11248,3
11249,4
11250,0
11251,1
11252,1
11253,0
11254,3
11255,0
11256,3
11257,4
11258,0
11259,1
11260,3
11261,3
11262,4
11263,4
11264,3
11265,0
11266,3
11267,1
11268,0
11269,4
11270,1
11271,3
11272,0
11273,1
11274,2
11275,2
11276,3
11277,4
11278,0
11279,2
11280,1
11281,2
11282,4
11283,0
11284,1
11285,0
11286,3
11287,4
11288,1
11289,3
11290,4
11291,2
11292,2
11293,1
11294,3
11295,1
11296,3
11297,0
11298,0
11299,0
11300,4
11301,3
11302,0
11303,1
11304,2
11305,4
11306,1
11307,0
11308,2
11309,3
11310,0
11311,2
11312,3
11313,1
11314,1
11315,0
11316,3
11317,1
11318,2
11319,4
11320,1
11321,2
11322,0
11323,4
11324,2
11325,0
11326,3
11327,3
11328,3
11329,2
11330,1
11331,1
11332,2
11333,3
11334,2
11335,2
11336,0
11337,0
11338,3
11339,1
11340,0
11341,0
11342,1
11343,0
11344,2
11345,2
11346,1
11347,3
11348,3
11349,4
11350,2
11351,2
11352,1
11353,2
11354,4
11355,3
11356,4
11357,1
11358,2
11359,3
11360,2
11361,1
11362,1
11363,4
11364,1
11365,4
11366,4
11367,3
11368,1
11369,4
11370,3
11371,3
11372,4
11373,4
11374,3
11375,0
11376,2
11377,0
11378,1
11379,2
11380,1
11381,0
11382,1
11383,4
11384,0
11385,1
11386,0
11387,4
11388,0
11389,4
11390,3
11391,1
11392,3
11393,0
11394,0
11395,1
11396,4
11397,1
11398,3
11399,4
11400,1
11401,3
11402,3
11403,3
11404,0
11405,2
11406,2
11407,0
11408,1
11409,1
11410,0
11411,0
11412,1
11413,3
11414,1
11415,4
11416,2
11417,1
11418,1
11419,2
11420,3
11421,0
11422,2
11423,4
11424,0
11425,0
11426,1
11427,0
11428,0
11429,3
11430,2
11431,4
11432,4
11433,3
11434,3
11435,3
11436,0
11437,1
11438,4
11439,4
11440,3
11441,4
11442,1
11443,4
11444,1
11445,4
11446,2
11447,3
11448,0
11449,4
11450,4
11451,0
11452,2
11453,2
11454,1
11455,0
11456,1
11457,2
11458,4
11459,1
11460,3
11461,3
11462,4
11463,2
11464,2
11465,3
11466,1
11467,2
11468,0
11469,0
11470,4
11471,3
11472,3
11473,3
11474,0
11475,1
11476,4
11477,0
11478,0
11479,4
11480,1
11481,3
11482,2
11483,1
11484,2
11485,1
11486,0
11487,4
11488,0
11489,3
11490,2
11491,2
11492,4
11493,2
11494,1
11495,4
11496,4
11497,1
11498,1
11499,0
11500,0
11501,1
11502,0
11503,0
11504,3
11505,4
11506,0
11507,4
11508,0
11509,2
11510,1
11511,2
11512,4
11513,3
11514,0
11515,4
11516,1
11517,2
11518,4
11519,1
11520,3
11521,1
11522,2
11523,4
11524,3
11525,2
11526,1
11527,1
11528,1
11529,1
11530,3
11531,2
11532,1
11533,3
11534,4
11535,3
11536,4
11537,1
11538,1
11539,3
11540,2
11541,1
11542,1
11543,1
11544,3
11545,4
11546,1
11547,0
11548,3
11549,1
11550,2
11551,4
11552,1
11553,3
11554,2
11555,2
11556,4
11557,0
11558,4
11559,4
11560,1
11561,1
11562,3
11563,4
11564,4
11565,1
11566,2
11567,4
11568,1
11569,2
11570,1
11571,4
11572,1
11573,2
11574,1
11575,3
11576,3
11577,1
11578,4
11579,2
11580,2
11581,1
11582,3
11583,4
11584,2
11585,2
11586,2
11587,1
11588,0
11589,2
11590,0
11591,2
11592,2
11593,1
11594,4
11595,0
11596,0
11597,2
11598,4
11599,4
11600,4
11601,4
11602,1
11603,1
11604,0
11605,3
11606,3
11607,1
11608,2
11609,4
11610,1
11611,0
11612,1
11613,4
11614,2
11615,3
11616,4
11617,2
11618,4
11619,4
11620,2
11621,3
11622,2
11623,1
11624,0
11625,1
11626,0
11627,3
11628,3
11629,3
11630,0
11631,2
11632,1
11633,4
11634,0
11635,2
11636,4
11637,1
11638,3
11639,2
11640,3
11641,1
11642,4
11643,2
11644,0
11645,4
11646,2
11647,0
11648,3
11649,0
11650,1
11651,2
11652,0
11653,2
11654,2
11655,3
11656,4
11657,1
11658,3
11659,1
11660,0
11661,2
11662,1
11663,1
11664,4
11665,2
11666,1
11667,0
11668,2
11669,3
11670,3
11671,0
11672,1
11673,2
11674,2
11675,3
11676,2
11677,1
11678,1
11679,1
11680,1
11681,2
11682,2
11683,3
11684,3
11685,3
11686,4
11687,4
11688,3
11689,4
11690,4
11691,0
11692,2
11693,4
11694,0
11695,0
11696,0
11697,2
11698,4
11699,1
11700,3
11701,2
11702,2
11703,0
11704,3
11705,4
11706,1
11707,3
11708,1
11709,0
11710,3
11711,3
11712,4
11713,2
11714,4
11715,4
11716,0
11717,2
11718,0
11719,2
11720,3
11721,0
11722,4
11723,4
11724,2
11725,4
11726,2
11727,2
11728,1
11729,2
11730,3
11731,4
11732,1
11733,2
11734,0
11735,0
11736,4
11737,4
11738,4
11739,2
11740,1
11741,3
11742,1
11743,2
11744,3
11745,1
11746,0
11747,4
11748,3
11749,3
11750,1
11751,1
11752,3
11753,3
11754,2
11755,4
11756,4
11757,3
11758,0
11759,1
11760,1
11761,2
11762,1
11763,1
11764,2
11765,4
11766,1
11767,4
11768,0
11769,1
11770,4
11771,2
11772,0
11773,4
11774,2
11775,4
11776,1
11777,2
11778,2
11779,1
11780,2
11781,1
11782,3
11783,0
11784,0
11785,1
11786,0
11787,2
11788,1
11789,4
11790,2
11791,3
11792,3
11793,2
11794,0
11795,4
11796,4
11797,2
11798,3
11799,3
11800,3
11801,1
11802,1
11803,4
11804,1
11805,1
11806,0
11807,3
11808,4
11809,2
11810,2
11811,0
11812,3
11813,2
11814,3
11815,4
11816,2
11817,3
11818,2
11819,2
11820,4
11821,2
11822,2
11823,3
11824,4
11825,1
11826,2
11827,0
11828,1
11829,3
11830,0
11831,0
11832,0
11833,3
11834,2
11835,1
11836,1
11837,4
11838,2
11839,1
11840,0
11841,4
11842,4
11843,1
11844,4
11845,4
11846,2
11847,2
11848,1
11849,3
11850,1
11851,2
11852,4
11853,4
11854,2
11855,1
11856,1
11857,3
11858,4
11859,3
11860,2
11861,0
11862,1
11863,1
11864,1
11865,4
11866,1
11867,1
11868,1
11869,2
11870,3
11871,2
11872,2
11873,2
11874,0
11875,0
11876,1
11877,4
11878,2
11879,2
11880,4
11881,3
11882,0
11883,3
11884,4
11885,3
11886,4
11887,0
11888,4
11889,0
11890,0
11891,0
11892,2
11893,3
11894,4
11895,2
11896,2
11897,1
11898,3
11899,0
11900,0
11901,3
11902,3
11903,3
11904,4
11905,1
11906,3
11907,4
11908,1
11909,1
11910,4
11911,4
11912,3
11913,1
11914,3
11915,4
11916,3
11917,1
11918,3
11919,0
11920,1
11921,3
11922,4
11923,3
11924,2
11925,1
11926,2
11927,0
11928,0
11929,2
11930,1
11931,2
11932,3
11933,3
11934,3
11935,0
11936,1
11937,3
11938,0
11939,4
11940,2
11941,4
11942,4
11943,0
11944,2
11945,1
11946,4
11947,0
11948,1
11949,4
11950,3
11951,0
11952,0
11953,1
11954,1
11955,0
11956,0
11957,4
11958,2
11959,3
11960,2
11961,0
11962,0
11963,0
11964,1
11965,2
11966,4
11967,3
11968,0
11969,0
11970,4
11971,1
11972,1
11973,2
11974,0
11975,2
11976,0
11977,2
11978,0
11979,0
11980,4
11981,1
11982,1
11983,0
11984,3
11985,4
11986,4
11987,3
11988,4
11989,1
11990,3
11991,3
11992,1
11993,2
11994,2
11995,3
11996,2
11997,2
11998,3
11999,3
12000,4
12001,1
12002,4
12003,0
12004,3
12005,2
12006,1
12007,2
12008,3
12009,3
12010,1
12011,3
12012,4
12013,3
12014,3
12015,0
12016,2
12017,4
12018,2
12019,3
12020,2
12021,3
12022,0
12023,1
12024,1
12025,4
12026,0
12027,1
12028,0
12029,2
12030,4
12031,2
12032,4
12033,3
12034,3
12035,4
12036,2
12037,1
12038,1
12039,4
12040,3
12041,1
12042,2
12043,4
12044,2
12045,1
12046,0
12047,0
12048,0
12049,3
12050,1
12051,3
12052,3
12053,4
12054,3
12055,2
12056,2
12057,3
12058,4
12059,1
12060,4
12061,1
12062,2
12063,2
12064,0
12065,2
12066,0
12067,4
12068,0
12069,0
12070,2
12071,1
12072,0
12073,3
12074,3
12075,1
12076,4
12077,0
12078,2
12079,4
12080,0
12081,1
12082,1
12083,2
12084,3
12085,3
12086,0
12087,4
12088,2
12089,2
12090,2
12091,2
12092,3
12093,1
12094,0
12095,2
12096,1
12097,2
12098,0
12099,3
12100,2
12101,4
12102,2
12103,4
12104,4
12105,2
12106,0
12107,0
12108,4
12109,0
12110,4
12111,0
12112,2
12113,2
12114,2
12115,3
12116,1
12117,3
12118,4
12119,1
12120,1
12121,3
12122,0
12123,1
12124,1
12125,0
12126,0
12127,1
12128,1
12129,0
12130,0
12131,2
12132,3
12133,0
12134,1
12135,3
12136,4
12137,2
12138,3
12139,4
12140,3
12141,1
12142,0
12143,4
12144,1
12145,2
12146,2
12147,2
12148,4
12149,2
12150,4
12151,1
12152,3
12153,4
12154,2
12155,4
12156,3
12157,3
12158,3
12159,3
12160,4
12161,4
12162,4
12163,2
12164,2
12165,3
12166,1
12167,1
12168,3
12169,0
12170,2
12171,1
12172,2
12173,1
12174,1
12175,4
12176,0
12177,0
12178,2
12179,3
12180,4
12181,3
12182,0
12183,1
12184,1
12185,1
12186,2
12187,3
12188,4
12189,2
12190,3
12191,3
12192,3
12193,2
12194,2
12195,2
12196,2
12197,0
12198,0
12199,1
12200,0
12201,3
12202,4
12203,0
12204,3
12205,2
12206,3
12207,3
12208,2
12209,3
12210,1
12211,3
12212,0
12213,3
12214,3
12215,3
12216,2
12217,2
12218,0
12219,4
12220,0
12221,4
12222,4
12223,4
12224,2
12225,2
12226,1
12227,1
12228,1
12229,2
12230,2
12231,0
12232,0
12233,0
12234,3
12235,4
12236,3
12237,3
12238,4
12239,1
12240,3
12241,1
12242,3
12243,4
12244,3
12245,2
12246,4
12247,1
12248,3
12249,3
12250,4
12251,1
12252,4
12253,0
12254,2
12255,3
12256,4
12257,2
12258,3
12259,3
12260,1
12261,0
12262,2
12263,0
12264,0
12265,0
12266,3
12267,4
12268,1
12269,2
12270,4
12271,3
12272,0
12273,3
12274,0
12275,3
12276,2
12277,1
12278,4
12279,4
12280,0
12281,1
12282,0
12283,1
12284,0
12285,0
12286,3
12287,1
12288,0
12289,1
12290,4
12291,1
12292,3
12293,4
12294,4
12295,2
12296,2
12297,3
12298,4
12299,0
12300,3
12301,0
12302,1
12303,0
12304,4
12305,1
12306,2
12307,2
12308,0
12309,2
12310,3
12311,3
12312,1
12313,3
12314,1
12315,3
12316,3
12317,4
12318,1
12319,0
12320,4
12321,3
12322,4
12323,1
12324,4
12325,0
12326,0
12327,1
12328,1
12329,4
12330,3
12331,4
12332,2
12333,2
12334,0
12335,1
12336,0
12337,4
12338,1
12339,0
12340,2
12341,4
12342,2
12343,1
12344,1
12345,0
12346,0
12347,2
12348,3
12349,0
12350,3
12351,2
12352,0
12353,1
12354,4
12355,0
12356,4
12357,3
12358,2
12359,3
12360,3
12361,1
12362,0
12363,3
12364,1
12365,2
12366,1
12367,2
12368,2
12369,0
12370,0
12371,0
12372,1
12373,0
12374,3
12375,2
12376,4
12377,2
12378,1
12379,0
12380,2
12381,3
12382,4
12383,4
12384,4
12385,1
12386,3
12387,0
12388,1
12389,3
12390,0
12391,4
12392,1
12393,2
12394,2
12395,0
12396,3
12397,4
12398,3
12399,3
12400,3
12401,3
12402,4
12403,3
12404,1
12405,4
12406,4
12407,3
12408,1
12409,2
12410,0
12411,3
12412,1
12413,2
12414,1
12415,4
12416,2
12417,4
12418,0
12419,3
12420,1
12421,4
12422,3
12423,4
12424,1
12425,1
12426,2
12427,3
12428,2
12429,2
12430,4
12431,3
12432,2
12433,0
12434,2
12435,2
12436,2
12437,1
12438,1
12439,2
12440,0
12441,3
12442,3
12443,0
12444,1
12445,4
12446,3
12447,3
12448,2
12449,2
12450,4
12451,3
12452,0
12453,1
12454,0
12455,3
12456,4
12457,1
12458,2
12459,2
12460,2
12461,1
12462,1
12463,0
12464,0
12465,4
12466,3
12467,3
12468,0
12469,0
12470,4
12471,2
12472,1
12473,2
12474,1
12475,0
12476,3
12477,2
12478,3
12479,3
12480,4
12481,3
12482,0
12483,1
12484,3
12485,4
12486,3
12487,0
12488,1
12489,0
12490,0
12491,3
12492,2
12493,4
12494,4
12495,4
12496,2
12497,2
12498,0
12499,2
12500,2
12501,3
12502,2
12503,2
12504,3
12505,2
12506,1
12507,2
12508,1
12509,4
12510,2
12511,2
12512,0
12513,1
12514,3
12515,4
12516,4
12517,3
12518,3
12519,3
12520,2
12521,0
12522,4
12523,2
12524,1
12525,1
12526,0
12527,0
12528,3
12529,3
12530,3
12531,2
12532,1
12533,4
12534,2
12535,3
12536,2
12537,3
12538,2
12539,2
12540,4
12541,4
12542,2
12543,0
12544,4
12545,3
12546,0
12547,3
12548,0
12549,0
12550,0
12551,0
12552,4
12553,3
12554,0
12555,4
12556,4
12557,1
12558,2
12559,2
12560,4
12561,2
12562,1
12563,1
12564,0
12565,1
12566,0
12567,0
12568,4
12569,3
12570,3
12571,4
12572,0
12573,4
12574,1
12575,1
12576,1
12577,2
12578,3
12579,3
12580,1
12581,2
12582,0
12583,4
12584,3
12585,0
12586,1
12587,3
12588,3
12589,4
12590,1
12591,1
12592,0
12593,4
12594,1
12595,2
12596,0
12597,1
12598,3
12599,3
12600,4
12601,1
12602,2
12603,4
12604,3
12605,1
12606,1
12607,3
12608,4
12609,2
12610,4
12611,4
12612,0
12613,3
12614,3
12615,3
12616,3
12617,4
12618,2
12619,0
12620,2
12621,0
12622,1
12623,0
12624,3
12625,0
12626,1
12627,3
12628,0
12629,4
12630,4
12631,2
12632,3
12633,1
12634,2
12635,2
12636,4
12637,1
12638,2
12639,0
12640,0
12641,4
12642,0
12643,4
12644,2
12645,2
12646,4
12647,2
12648,4
12649,4
12650,3
12651,2
12652,0
12653,2
12654,4
12655,1
12656,4
12657,1
12658,4
12659,2
12660,2
12661,2
12662,2
12663,3
12664,3
12665,2
12666,2
12667,3
12668,4
12669,0
12670,1
12671,0
12672,2
12673,2
12674,0
12675,4
12676,4
12677,1
12678,2
12679,0
12680,0
12681,3
12682,1
12683,4
12684,4
12685,2
12686,1
12687,0
12688,3
12689,0
12690,0
12691,3
12692,1
12693,4
12694,1
12695,4
12696,1
12697,4
12698,2
12699,1
12700,0
12701,0
12702,4
12703,3
12704,1
12705,0
12706,1
12707,1
12708,2
12709,1
12710,2
12711,4
12712,4
12713,2
12714,4
12715,0
12716,2
12717,3
12718,2
12719,3
12720,4
12721,4
12722,1
12723,0
12724,0
12725,0
12726,2
12727,2
12728,0
12729,1
12730,1
12731,1
12732,2
12733,2
12734,4
12735,4
12736,2
12737,2
12738,0
12739,0
12740,4
12741,4
12742,3
12743,3
12744,1
12745,4
12746,2
12747,3
12748,3
12749,4
12750,4
12751,1
12752,4
12753,1
12754,2
12755,3
12756,4
12757,2
12758,1
12759,0
12760,4
12761,2
12762,0
12763,4
12764,2
12765,4
12766,3
12767,0
12768,1
12769,1
12770,0
12771,3
12772,4
12773,0
12774,0
12775,3
12776,3
12777,3
12778,3
12779,3
12780,4
12781,4
12782,0
12783,1
12784,4
12785,2
12786,4
12787,1
12788,4
12789,1
12790,2
12791,2
12792,2
12793,4
12794,4
12795,3
12796,1
12797,2
12798,3
12799,1
12800,2
12801,2
12802,1
12803,0
12804,3
12805,3
12806,4
12807,4
12808,0
12809,0
12810,1
12811,1
12812,2
12813,3
12814,3
12815,4
12816,3
12817,2
12818,0
12819,4
12820,1
12821,1
12822,4
12823,3
12824,2
12825,2
12826,4
12827,0
12828,1
12829,3
12830,3
12831,3
12832,4
12833,4
12834,1
12835,4
12836,3
12837,1
12838,2
12839,3
12840,0
12841,0
12842,3
12843,0
12844,0
12845,3
12846,2
12847,3
12848,0
12849,1
12850,4
12851,2
12852,4
12853,4
12854,2
12855,4
12856,1
12857,1
12858,3
12859,1
12860,2
12861,4
12862,4
12863,4
12864,2
12865,3
12866,0
12867,3
12868,1
12869,0
12870,3
12871,2
12872,4
12873,1
12874,0
12875,4
12876,3
12877,1
12878,4
12879,2
12880,0
12881,0
12882,4
12883,4
12884,2
12885,4
12886,3
12887,1
12888,0
12889,0
12890,2
12891,1
12892,2
12893,1
12894,1
12895,3
12896,1
12897,3
12898,4
12899,2
12900,1
12901,0
12902,0
12903,4
12904,4
12905,0
12906,1
12907,4
12908,1
12909,1
12910,0
12911,2
12912,4
12913,3
12914,1
12915,0
12916,4
12917,2
12918,4
12919,3
12920,4
12921,0
12922,2
12923,3
12924,3
12925,0
12926,4
12927,4
12928,3
12929,1
12930,1
12931,1
12932,3
12933,2
12934,3
12935,3
12936,0
12937,1
12938,1
12939,3
12940,2
12941,0
12942,1
12943,2
12944,1
12945,0
12946,3
12947,0
12948,3
12949,4
12950,3
12951,2
12952,4
12953,1
12954,2
12955,3
12956,0
12957,1
12958,2
12959,1
12960,3
12961,4
12962,0
12963,2
12964,2
12965,2
12966,0
12967,1
12968,3
12969,4
12970,2
12971,1
12972,1
12973,0
12974,2
12975,1
12976,2
12977,2
12978,2
12979,3
12980,2
12981,0
12982,2
12983,1
12984,2
12985,2
12986,1
12987,3
12988,3
12989,2
12990,1
12991,1
12992,0
12993,2
